distancia_minima_TRANSITO;distancia_minima_SEGURIDAD;distancia_minima_SALUD;distancia_minima_FINANZAS;distancia_minima_ENTRETENIMIENTO;distancia_minima_EDUCACION;Factor1;Factor2;Factor3
14.57087195;33.47465456;0.678789802;0.371342386;0.927562365;4.973912956;13.91774998;54.46487486;30.51297683
14.79911295;30.69749059;1.436725572;12.69294373;1.215274451;1.857791994;16.36143034;61.93407148;56.94247448
6.633942895;24.01146756;1.087630189;9.594141283;0.55393501;1.559854643;20.02802776;76.97040379;68.4330631
9.677909703;18.16669032;3.663295898;23.34038309;1.261901279;8.125965273;3.976389624;53.31966611;36.16860812
9.280441697;9.44522886;1.21312574;1.337418306;0.526834321;2.072875087;21.08600081;76.15057242;67.43880884
2.991684828;10.13664207;0.417403079;4.747986508;0.804573272;3.969781316;18.28862905;72.81039137;58.10832295
20.37644161;19.05805932;3.093848354;20.84623234;0.896185961;3.108270629;6.542811451;55.90627522;39.64407874
6.597552377;11.58970203;0.513363393;5.125904398;0.694621157;2.908418983;16.14224572;61.2377066;58.63309343
1.519419429;8.673926941;1.932935228;26.31791266;1.035358445;5.169073288;15.12196801;70.1366168;55.19214316
6.348839327;11.36073921;0.553681783;5.027139254;0.686640947;2.887023254;22.57383404;56.96736013;52.01470149
13.22562457;8.335007255;8.516113308;21.70295912;0.365575005;7.033354184;8.500586228;58.98750756;50.61743321
2.825370552;2.901566508;1.422205384;1.176164106;0.894604129;7.875050486;28.74631033;70.84239159;56.80646596
2.327191322;3.399177507;1.324967873;0.921731675;0.797459301;7.564774936;23.35668785;77.5586869;71.09407127
5.501602479;10.55227378;1.396542442;13.71447614;0.385514815;2.063282797;30.61094332;72.92014597;64.91918302
15.17484493;39.91619469;0.843257279;16.8221599;0.285177364;3.21603668;12.62621266;57.75754322;27.45229496
31.489216;100;0.111233004;0.954382735;1.839584482;2.05868801;0.685025121;61.31115916;27.55898149
17.16661979;15.96021297;1.13447942;24.30201171;1.08667499;10.87593937;11.65255786;54.98145546;18.27014273
4.970082321;11.23064673;2.350203324;12.27264334;0.719316678;2.292825539;5.529463671;59.38597602;27.82322274
5.024858222;11.29041878;2.322507929;12.35591676;0.719931741;2.126989106;4.409549516;58.87227544;24.5868333
0.106881204;20.00887109;1.933082695;5.817094485;0.328856113;4.69338157;19.41637164;51.8528099;12.09542688
17.1607837;32.60154266;0.450907814;0.846402847;0.546270616;4.511610756;14.63722902;69.35162478;66.80268897
10.86065807;26.12789958;1.086677333;12.39314004;1.219777159;5.67117994;15.6333766;65.45365082;46.57800245
16.7177194;30.4473008;0.232261041;2.038550945;0.391936109;3.802310921;8.080354887;68.44829811;57.65120007
9.57873868;24.75669774;0.953447251;12.29008189;1.090829365;5.256249599;15.6581011;63.26964108;41.90912184
13.22473881;10.33383722;1.973928412;4.458706748;1.241799061;2.557446878;15.50567072;70.52693169;81.05833275
14.28659123;31.63496177;0.510642989;0.522320765;0.801858071;4.36235572;24.77481337;69.89839962;68.3460278
3.05430333;10.70796739;1.157758171;5.149062516;0.6082999;6.651891809;37.49119974;68.68554356;57.63315221
5.942152043;3.346443169;0.067027227;2.747313686;0.886103814;0.858446089;9.330985446;68.51288539;68.79007704
16.86193286;25.58424993;0.284446082;1.130264627;0.32026398;2.21722407;31.07694786;64.83984656;63.14961819
9.455495555;29.21303369;0.969614282;0.843385034;0.833698614;4.387430083;4.460439535;61.30767983;40.69583974
29.88374621;97.14895885;0.142219269;0.342425093;1.560170474;1.222040881;7.24853426;69.62470168;43.54082612
11.22180019;25.91417372;0.689250092;1.118965546;0.426368984;3.033359566;17.95353733;73.62725539;79.25699204
9.042926633;26.51627047;0.993905047;1.001779898;0.664530784;3.77257334;12.14129548;68.27398992;62.816668
15.29519687;28.8228271;3.350170067;3.816839522;0.904943843;2.587762691;12.60343988;61.71817019;28.21642469
5.109611364;2.852430324;1.355696979;1.908867201;0.511033757;7.399337595;13.73682323;80.02718482;73.90481694
11.77525814;33.08057422;1.775320472;3.818424578;0.667903948;1.450956327;25.97163878;74.88981581;63.6983851
0.98984676;11.74891638;0.30273495;3.313198689;0.240090003;4.261924745;13.95487077;73.95143061;58.06161363
13.98810032;44.29745539;3.369262974;21.21322416;0.799841443;2.448637325;36.04935948;61.57486736;66.80498926
13.98810032;44.29745539;3.369262974;21.21322416;0.799841443;2.448637325;10.77901638;54.4749909;36.71825307
4.058825826;25.71795231;1.568513924;2.70807761;0.670996788;2.908170068;19.38353469;62.55602616;29.60793185
12.17133073;28.90120088;1.62998781;4.607463242;0.642292653;1.82897153;20.14719958;67.86709957;47.55637596
23.53761559;26.9235258;2.160305743;3.81461256;1.260121786;5.178509579;23.23264113;56.79292333;22.43059401
11.10108604;39.31900999;1.096274397;1.326937163;0.559838593;1.595949625;28.11825727;56.82842775;25.36189086
5.26025859;42.94944028;2.705328859;19.27140115;0.792611992;4.352075507;23.08330521;47.76573975;26.73952966
5.381888698;11.81117656;2.465702499;11.77064754;0.791206961;2.652876319;15.9066467;60.86041378;29.15062918
7.26119579;22.41907046;1.244552744;10.3733295;0.648080491;1.927959694;16.05182056;60.92132008;25.13049655
0.251624636;5.413303607;0.688555741;5.615877711;0.324074179;3.644790159;16.54478938;63.62178844;35.59318198
10.96183443;37.66448807;1.269198725;1.504801936;0.54929758;1.983035876;33.92455821;51.86213499;13.67420037
42.64132789;63.73588383;2.445314132;37.17224228;0.127101499;4.514964457;20.609416;61.0568664;36.29375466
4.150463318;16.37168056;0.963914903;7.959734543;2.87241491;3.115957159;21.52847039;68.12047556;80.14532648
8.943824159;18.47767983;0.959831304;6.297919037;0.755767143;2.428056256;18.22756704;63.63598708;38.41124561
12.53075522;13.05686573;1.497853391;32.91523571;0.912573522;3.069965611;11.49889598;57.63737367;46.30006777
13.27452673;27.55220591;1.261734538;8.461222736;0.363931796;3.459718522;13.34430266;56.99653478;24.44772589
17.71098258;19.48350402;1.027322759;5.110497434;0.466051627;1.747356784;20.53063607;64.56692146;38.38777598
13.69093546;22.99499733;1.456911852;11.19996634;0.641201025;1.263448581;14.74076744;61.02141227;58.98130844
16.52669609;14.17545213;3.591299413;23.81144632;1.205108945;5.289590257;10.28644327;57.15556464;46.93547998
0.422578543;13.99072328;1.520571618;4.08456005;0.390607529;1.352103722;10.0891243;57.16892058;42.0072611
11.77348625;14.45236325;3.309205004;23.46422029;0.938553736;0.992292234;13.6256189;72.85000421;54.11417657
7.488945581;16.17217841;0.97371468;1.76768583;1.350990987;0.683877426;13.76959392;65.99592352;38.50848721
4.865319992;3.899676565;0.065396701;2.135371781;0.851681261;0.964431802;8.418749055;54.04698648;38.62557567
1.951304595;14.30323488;0.494931197;3.279530043;0.643568269;4.255521335;5.324541759;60.7190437;31.78188772
4.412759912;17.28092838;0.604548451;0.132818176;0.953698916;2.570623462;14.87461741;76.05243129;63.61385169
8.463225352;7.63615911;4.019989079;7.860239752;0.120611278;2.920429249;23.77145533;51.981759;39.82029976
40.58546907;21.7275226;6.489209159;28.74865441;5.401081126;6.906783738;13.35049857;52.10284048;35.73781469
17.21001831;8.029115249;8.374689395;17.71345946;0.892949084;6.882515811;15.29911911;54.79964943;44.50466514
1.138039324;25.43493525;1.458018171;9.467137283;0.37228073;1.608125011;10.07512055;68.2703716;41.6451149
29.98666187;25.46188809;8.132313355;17.12125298;1.07435519;2.446788148;12.40577706;57.90810076;47.43025824
7.877631999;16.71644274;0.763388671;6.212429744;0.922244482;2.790918648;7.67047916;64.60851837;33.48512509
3.218173935;8.623149559;0.553852632;2.665934895;0.997253417;7.295086333;12.5981035;56.01462706;36.89616896
18.78681832;22.47190666;0.496530827;8.391679894;0.592310724;3.351213584;41.9301309;51.87882613;20.17062479
3.61434647;16.81487975;0.600302343;2.358901695;0.589567456;3.885004578;46.10728607;45.07590467;0
1.706519145;10.15030147;1.166772784;2.657905245;0.279004897;0.518847631;7.623875457;56.16862344;39.36513034
5.66420094;15.41439185;1.288389655;6.158350866;0.215830762;6.478901692;11.78387645;61.73627154;28.43179433
11.14861955;38.33268067;1.205378209;1.488213946;0.526647418;1.87723123;19.01053997;56.89401729;19.93891406
25.40900323;41.48726068;1.504020267;17.98813117;1.495452782;1.967103449;11.51790635;61.47574724;27.53933156
0.551452114;3.865400078;1.722669617;12.18620846;0;3.273092347;7.809560182;63.46781398;30.34001759
10.03009826;20.96819533;1.088980165;3.141324374;1.046610605;3.481660506;8.118332846;63.5429325;32.0385206
15.1019949;18.79661287;1.701315311;5.116566144;1.507334091;4.72254643;13.80274039;65.96962331;38.42236054
13.93391385;21.49507639;0.240763916;40.29421621;1.76692556;2.840958457;21.11227456;47.72696605;26.49234646
8.9203761;2.111871544;0.601575801;0.883735624;0.673261868;2.716037051;7.347147908;56.38978644;40.09040665
7.927853393;40.4998936;2.527049587;17.8701002;0.31606578;3.757124126;12.02924625;54.55590631;39.32262635
18.74155273;4.266509104;0.511394906;0.017134967;0.413514976;1.965103593;13.24048876;61.70917282;28.42235839
32.83972042;22.01418181;3.137883409;13.3784221;2.798926367;5.322863136;30.82445752;47.10259141;20.23738096
6.325598464;11.3901651;1.648050718;14.85874156;0.561401093;1.257573117;9.680180941;68.38550071;56.61263001
0.903237654;11.75237334;0.323326229;3.867655243;0.329916653;4.33595482;22.86228238;59.18729655;44.47447323
2.100875005;12.01531645;0.857078545;5.529568321;0.521616669;5.629188919;11.83522073;54.5690657;23.69597636
3.023562172;16.2209808;0.933555965;7.056865263;3.016859148;2.520317352;6.873539927;55.04242766;38.79717969
0.820359214;11.88382612;0.291705956;3.510914933;0.27583114;4.237984927;6.200797153;62.12135608;34.18086852
9.215499959;13.6045247;1.201416905;0.863569657;0.863850496;0.831684819;22.54901546;76.3919601;69.78339101
31.92615411;95.95017025;0.562899148;1.908125424;1.390457535;1.342247642;29.81395991;67.20730078;49.23025332
12.71829177;18.64061251;1.083711316;10.19310049;0.502027525;1.715862181;6.874061768;54.93281304;40.23124242
14.58863922;28.06653708;1.817802688;5.620071887;0.507615728;1.566057334;18.56746446;58.15306556;21.62760183
0.604903138;18.10979323;1.744368846;5.729029339;0.353169126;5.007922387;87.66229262;44.32374718;22.41022482
6.602094929;18.53673872;2.576455828;10.39336545;1.045604848;1.35719995;7.587209049;58.82196111;50.62328347
10.97261908;31.0284552;0.86165971;1.687465666;0.918787775;4.647020043;10.2761946;59.34400926;43.03085208
2.654731912;15.24607518;0.559410969;3.022765863;0.576117272;4.200853596;15.1097305;75.78630229;61.91849738
6.317279325;30.70501324;1.458350614;3.330740121;0.800726663;5.587741452;11.83057513;60.41792717;43.58913966
3.255497945;8.495984598;0.464615868;1.345932351;0.275414374;3.926912931;16.16083086;72.05435775;56.03931315
8.542226238;22.27865425;0.744355244;3.695241303;0.620651425;1.901348071;17.65222261;72.5135051;59.72549606
15.93307179;9.7153263;8.907803331;20.93290748;0.3640081;8.032647252;6.544565524;54.70472272;40.46526222
5.72307954;4.261722939;0.660807515;0.345944325;0.198480915;2.263385529;10.33249205;53.94770793;36.7569858
2.510860497;23.56003463;1.719958161;4.031320063;0.438604143;3.504742844;16.03436323;65.46922748;41.4414057
6.971841112;3.05319129;0.950753492;2.621993416;0.793547521;2.798883138;22.1237175;61.0215169;28.68550731
23.31944031;30.02123754;0.878551759;29.97061073;0.748606497;6.159304673;7.615079638;64.55468657;33.50510645
15.88437715;6.455089238;1.294154202;2.724491684;0.962027397;3.64314177;18.47675136;49.24497336;32.42040953
11.91578832;3.177101564;0.653231053;1.16700781;0.290820909;5.472996907;10.309391;52.81892854;36.59916471
4.968220043;11.63211639;3.493127464;5.398090752;0.292936214;1.87488919;6.943809574;55.07352382;40.29980593
22.50356486;43.18648671;0.357434072;20.17025051;1.299645152;0.306157799;15.25211345;59.46339568;24.67236843
6.339775446;15.68799985;1.395119784;6.198789219;0.288949569;6.803806516;15.04750779;59.08908207;23.40495657
13.06144767;24.12051809;1.485871867;9.00735097;0.198651031;0.794396946;15.38595943;59.82815668;25.90579664
12.03697168;21.89568458;3.603473021;56.33278417;1.019960903;24.83989913;25.49348027;5.443962488;53.89242255
12.03697168;21.89568458;3.426351654;53.0653816;1.610548647;22.78116211;6.388739755;15.31763377;67.57252933
1.606391302;3.462925745;0.773819579;5.978343033;0.131658974;3.04884282;15.14920349;59.00873193;23.1420487
7.345203664;17.02901712;1.808721107;3.803666827;0.604702958;6.198625084;8.456216561;63.96033085;32.03215084
7.894444588;17.19237681;1.90094361;4.402027066;0.679839771;6.165371343;8.270717909;63.63592818;30.93048433
19.419384;33.08379181;1.73275994;13.45888915;0.66028707;1.525226617;15.53640457;59.2367062;23.92929924
12.03697168;21.89568458;4.511753696;47.388205;1.171928247;19.46837811;20.87224123;7.093413862;55.49195897
11.51390203;38.78009601;1.174219404;1.716085784;0.481352955;1.920401679;32.33072698;49.71098768;7.625301892
4.962594245;12.70249556;1.478546862;2.978328617;0.762129828;4.816071143;8.313359665;63.60185923;30.81876632
13.59186696;30.19590381;0.461096149;1.106472206;0.765555973;3.948582751;10.96855585;56.97648897;33.87811859
12.07367632;21.95601366;1.314586889;9.976451504;0.830752037;0.493388265;10.42326682;53.20052382;37.888356
13.40479668;24.20950498;1.46689458;9.812908655;0.318896041;0.251816568;8.448482386;63.96646757;32.05224707
9.151197377;15.75143828;2.714051454;12.26646743;1.033750317;1.807308414;6.636737728;55.25483188;40.89299961
31.42273161;99.77500874;0.087251946;0.808915199;1.813727627;1.96494306;4.789236038;66.15653711;34.60119931
16.71650262;18.02081031;2.265072457;7.429535942;1.240708464;4.535942079;15.27567152;59.44425647;24.60940529
14.62999259;3.188714309;1.086402865;2.638458332;0.691202056;4.706527005;7.070856673;54.97221489;39.9677215
4.550037542;16.94256849;0.943967933;4.248721809;0.221687568;5.026825736;11.47482073;61.51010133;27.6519403
4.709127472;16.45980975;1.526443393;1.365254672;0.500578889;5.104682016;8.276958191;63.63025051;30.911425
45.26763928;72.79684054;3.33848611;38.91198535;0.77225691;4.751689032;8.497615997;63.92759401;31.92501758
14.51687341;40.89081437;1.197052698;4.0236915;0.148052053;2.706893107;32.33146676;49.71051244;7.623817344
8.882363357;29.24943243;1.050221499;1.169891981;0.879639853;4.5330388;14.85256016;54.37243563;29.03334366
8.771727284;8.843562798;5.28787805;15.91708888;0.203400434;0.657319142;21.88225466;47.02141015;28.82217251
7.519296698;18.27844662;1.489974795;4.837686886;0.276652241;6.731867598;8.895540347;64.14597601;32.68015984
7.142326197;7.270878728;0.864234948;9.635435344;1.645260193;5.417036398;10.20665131;52.90095064;36.86808958
10.77105006;8.413365148;4.651202046;10.63649219;0.316678473;2.704494498;11.37113271;53.04289159;37.41140594
1.507339048;20.64877622;1.53280923;10.32405606;0.892054607;0.459383014;22.38502074;56.64558748;50.92164765
25.25505844;21.79603975;0.56827779;32.226843;1.524909402;4.179687713;14.4461125;58.98095375;24.22938076
2.065932139;21.16193373;1.555973929;10.58581716;0.814863818;0.386214845;15.95343242;60.91593394;57.54003958
9.897464532;17.86290436;3.613878415;23.0558696;1.313901218;8.205891577;3.976389624;53.31966611;36.16860812
37.376524;62.59841848;2.132717129;33.00565526;0.602201535;2.567864469;13.33399053;64.08186083;36.4015321
5.827046615;14.21028156;1.390099378;12.77262769;1.319220724;6.866343264;13.65393647;61.21446019;63.34394748
28.79689465;47.44732789;1.45119023;56.54543932;4.427274005;6.03066845;17.01283179;60.03240553;58.79292123
20.12222457;18.92810804;3.085965352;20.91989258;1.170471578;4.02218245;4.962858436;54.75469151;39.02761446
15.57105327;33.06270735;1.780083791;6.400372183;0.506019744;0.153375446;25.78282548;74.56804316;62.60533125
17.5952233;39.29847666;0.487425675;14.37137093;0.587279486;2.773812033;13.6364005;79.63527826;72.58209198
7.321040329;17.75427877;1.479113867;5.142472125;0.273455686;6.780819333;15.75638263;74.12904568;61.02264979
6.428945822;16.38805656;0.335377665;17.12326513;0.831276212;2.117969714;18.47179571;78.05339504;72.87502682
0.787805764;9.618091281;0.713327934;4.283201706;0.610094393;5.499851093;12.669658;72.79006881;56.53307193
2.801846111;14.81128384;1.471561667;3.80563914;0.432345229;2.443993243;7.509037858;65.38629896;59.40113522
8.198537266;18.10728983;1.090095757;2.666041773;1.513701304;1.26154825;4.988802051;65.82375872;34.41224367
1.991924825;14.37388128;0.454432492;3.138311454;0.680465181;4.141556352;18.48189985;78.14333428;72.97339597
2.812186521;8.041072536;0.800868161;1.941909539;0.465097391;1.362002854;14.06591199;66.28962562;68.55262412
1.343397732;5.015409028;1.235483028;1.803777227;0.831176139;7.258303795;28.55749703;70.52061894;55.71341212
2.327311114;15.05834562;0.44838221;2.765686173;0.683471268;3.958528585;37.30238644;68.36377091;56.54009836
6.878920924;18.90181558;1.303733391;2.763890717;0.439035322;5.288168185;18.47179571;78.05339504;72.87502682
12.03697168;21.89568458;2.207478558;2.14865016;0.979129291;2.488114794;41.30211339;13.75788236;81.9879773
4.344584247;12.08769148;0.500604374;1.414902347;0.894900656;1.584381095;31.60531038;69.35592545;56.86602212
9.114623458;8.724340219;0.570507973;18.12287941;1.564985324;3.546459408;16.81087641;77.43489088;69.25546846
5.763000367;10.90592979;1.467931194;14.0903093;0.417178129;1.828749298;30.42213002;72.59837332;63.82612917
6.306643322;22.35985355;1.54801025;3.004163171;1.124051803;2.535216036;26.73911739;74.57016026;66.56028914
1.019219776;19.17479079;2.583648451;4.938347264;0.726831754;2.250932496;25.58642279;61.32627769;61.41909682
1.346116066;11.14329017;0.132689444;3.136248162;0.377754815;3.32584659;25.30317589;74.41447851;62.06243173
12.03697168;21.89568458;2.214921805;16.82169255;17.55132217;44.3419141;27.58169707;65.04129879;67.67876341
5.055935635;14.98044439;2.978252645;9.059446898;1.135877485;0.567169262;35.68100748;60.23078879;66.92326237
1.084437113;8.945846142;0.702817205;3.932721369;0.535991151;5.524458855;7.051912181;69.07105747;42.58788396
5.553843418;12.38839194;0.675284343;1.697812248;1.053243871;1.04070127;23.16787455;77.23691425;70.00101742
5.034070397;5.852906755;0.664978357;2.061589665;0.58602697;3.538850063;10.24185169;75.76919078;59.66349198
16.67394382;25.06943874;0.865106953;9.436091174;1.039136177;1.604698305;11.31494703;53.81831949;35.15690206
12.03697168;21.89568458;2.214921805;13.26973472;1.515503056;5.200564308;10.76894853;42.07827984;82.33543202
3.825289314;11.92365213;0.424909213;1.514688959;0.82326758;1.830407758;13.54800993;79.70541217;72.81176309
3.29629038;11.22520854;1.425845163;1.695599782;0.17053822;2.273024019;12.66637793;66.05157991;65.002091
1.078535306;8.432432266;0.794184151;3.623330527;0.612363335;5.808244376;16.40437338;70.77705695;53.66378149
2.451566278;13.5324763;1.150127693;13.70841343;0.012245604;3.102671672;9.092593302;63.70045881;34.069099
7.913611516;1.062673889;1.106862779;22.85350562;0.973749858;5.983196632;20.19150977;58.18402362;19.63503521
11.53087568;6.18957606;0.671202949;22.86630302;0.926852621;7.599765382;15.21568749;59.29593825;24.51601899
3.232998228;8.590868366;0.644245838;2.651324434;0.201600647;5.281967232;4.240345971;65.39377039;33.94496945
7.023084863;13.98719829;2.316117661;11.70435306;0.977025816;1.482557988;7.972679146;63.18675823;30.83270957
23.76895372;26.6156904;2.176085376;19.32510901;1.863910451;10.1497344;12.43739936;57.43577057;26.35924111
20.18925797;31.55262991;1.303342763;27.1738365;2.144853195;1.543882341;19.41637164;51.8528099;12.09542688
21.15957673;16.86464199;0.535620009;7.894061408;0.372825569;2.879903663;13.15548936;56.67476213;23.35467204
21.50460429;6.645710997;1.110172337;3.488296554;0.602507095;1.04026043;15.46928781;62.94786843;40.816068
29.7414415;5.462196945;2.097201391;8.287192197;0.384941101;5.101787098;15.4445633;65.13187817;45.4849486
6.961272927;0.376534648;0.429009194;1.982905667;0.487504945;2.378783537;11.59374632;48.43638269;25.9580117
12.76767003;21.54440806;3.813092688;21.98970082;1.306366378;9.223014797;9.735843568;52.42471256;35.84300189
1.548212923;13.65530299;0.541954285;3.720610164;0.620944036;4.507826394;11.56405377;61.53700397;27.5437188
30.97067168;26.89546327;8.185214977;17.59803182;1.202310094;2.559344318;9.530556154;53.46218111;38.03632623
1.096395012;8.918463605;0.841306248;3.877000918;0.70371771;5.905105987;15.0973157;59.7377707;24.15774853
6.441537236;7.742662695;1.092872262;1.005285597;0.204752663;5.782142526;11.67806954;61.54468957;27.37285332
5.184113253;5.612431233;0.68960476;2.004653496;0.593251833;3.527165082;15.27469463;67.0056129;40.77956774
3.360562297;9.363965371;0.534533601;1.109464678;0.140325609;4.464347815;11.77872452;61.75863778;27.48496615
4.722229654;26.49035667;1.382433489;3.26107958;0.632916478;2.51092285;19.19472139;62.23425351;28.514878
18.9308936;11.48510966;7.067512927;11.03743492;0.796682078;6.660445551;15.11030581;54.47787678;43.41161129
12.03697168;21.89568458;2.214921805;44.76818493;12.87680328;28.12951462;3.952377573;59.47285818;44.00389494
4.441379769;33.59663124;1.460766118;2.194193098;0.410545442;3.059133456;18.03875374;63.31421443;37.31819176
15.06735681;25.52934412;0.248548705;1.126885862;0.383500284;2.230888793;19.70342689;55.89724221;40.39124303
6.22177258;0.597520553;0.289647381;1.979617237;0.568034649;1.956026274;12.17374728;50.79041162;32.66588543
5.388945458;1.84421853;0.303016266;1.25179753;0.520353178;2.03097504;9.900311005;56.84714793;40.91420725
6.066224799;9.309196947;3.692288304;6.684205842;0.452662217;2.523073888;9.112682989;52.67172073;32.37789265
15.414471;33.13962914;1.795846055;6.260681168;0.514226747;0.076089839;19.95838628;67.54532692;46.46332211
1.634392816;11.0469566;0.826980009;5.057127617;0.625024391;5.662171786;11.31892164;61.33998682;27.6833719
2.934668037;7.83561486;4.454097125;16.62378617;0.433002764;3.636414051;23.58264204;51.65998635;38.72724591
6.239979503;7.496698317;1.084542028;1.096111932;0.187893439;5.860466275;14.50186194;59.13265985;24.33387948
12.37493017;49.96047752;2.485949899;10.55934534;1.57643532;4.15643336;9.140020661;67.21181007;40.37857289
14.36576286;30.12362038;1.947048106;6.301659398;0.586324528;0.913315064;33.73574491;51.54036233;12.58114652
1.395665535;10.966302;0.164537022;2.932896186;0.339179444;3.440853826;26.21981243;63.26492851;38.98559603
3.660188397;4.867219993;1.040368462;2.21411618;0.291669869;6.550107302;8.138203748;65.03913431;32.30581163
5.065904478;3.830839678;0.045480302;2.271719022;0.86393266;0.902734185;14.2082403;51.93888805;32.68510179
5.664919694;14.2166877;0.704340122;0.979161726;1.12930264;1.004503261;19.80539141;58.41874852;20.61675771
3.107909575;7.379595142;0.753048934;1.625110621;0.413849675;1.439022242;10.21481779;53.76525166;35.72774261
6.664663825;17.45414489;1.36928491;5.06888111;0.164685089;6.43082029;20.9908532;62.13980084;31.28481146
2.852576052;6.892318265;0.799943461;3.039435068;0.30851937;5.833062033;11.34172953;61.4197624;27.7484038
37.67759229;62.50165943;2.07556076;33.27419331;0.688851818;2.865313491;16.01998568;69.62179623;49.73645026
8.854964547;13.06299917;1.155913905;6.922869048;1.658445804;0.169764783;10.09762997;56.83379198;45.84242613
0.672047325;7.99678083;0.852144963;3.372492913;0.651720887;5.997021167;9.875322382;60.45378775;28.17142837
12.03697168;21.89568458;1.127561788;4.726838106;0.583526787;1.651414978;7.213765851;25.54439646;90.02585497
15.38267364;28.04898733;0.080205428;1.020617366;0.451899778;3.049133808;11.69258641;60.05582752;42.36402492
3.066184525;7.10986346;0.721248565;1.455834215;0.419308532;1.538387103;13.58612457;68.1525806;70.55432906
33.7387352;30.53946566;7.877665645;16.72811406;1.335799837;1.922269735;11.73027594;63.92918179;61.83834765
7.334557342;6.749961222;1.086303897;2.047775338;0.12636855;3.575227103;10.33297072;53.96545571;35.79493643
12.03697168;21.89568458;2.196832438;2.00127866;0.965925119;2.49559979;26.70933058;0;49.56502615
19.09782443;20.17259269;1.849151351;3.257438791;0.707252271;1.608425691;23.04382783;56.47115067;21.33754016
12.03697168;21.89568458;2.214921805;62.67038529;16.68198797;10.06598574;5.30374089;27.39762638;52.39196044
6.326470716;24.80709712;0.677434706;7.34536821;0.446290706;1.768490488;9.886307251;67.94859895;40.55206106
15.8169393;21.13666899;0.681136575;2.847681461;0.327743877;0.745175421;8.190367294;66.66021627;54.47848544
12.03697168;21.89568458;1.019990186;3.979850718;0.161184953;1.237497356;5.709479752;16.07776311;69.00009628
20.47375194;34.57181986;1.674032487;14.23160824;0.806663565;1.525028014;14.44090351;60.38145178;25.39990267
2.721186782;14.83220899;0.715890113;3.873222098;0.429638258;4.745093954;13.58078062;65.67415087;37.41543336
33.7266198;32.90848839;9.525531612;24.86129205;0.343116346;6.875591565;12.21696377;57.58632811;46.3372044
12.03697168;21.89568458;1.063258608;15.49002099;2.175681277;0.582013046;10.65708411;14.08919336;67.99576916
12.03697168;21.89568458;1.511002549;17.97585556;2.608276276;2.1066775;2.847922333;18.22543031;71.76153287
16.96595884;16.85579874;1.132623888;4.716659422;0.655586599;0.584405425;9.993159192;57.30361418;34.24039028
3.209713342;11.93203232;1.494278552;2.090617925;0.199322787;2.33024942;8.229935756;53.72521383;37.53252182
22.61724824;33.00151645;2.584947027;12.84678381;1.192624783;3.736176633;16.35597608;63.30001579;34.50012814
4.73806657;2.815570783;0.328979685;0.714303244;0.52149822;2.081307806;4.036048915;52.819193;38.72236509
24.45596638;33.48116922;3.118939227;20.09141589;0.393699762;3.956876599;7.481665862;64.28674572;32.39207124
21.669668;31.78861245;2.447383962;12.22185941;1.052581573;3.273569832;18.28862905;72.81039137;58.10832295
14.11821444;4.78367159;1.466489814;5.032984744;0.912689773;5.045064345;15.31685742;70.20515904;79.96527891
2.873769512;28.10821248;1.419892146;8.603632552;0.39130417;1.533806513;17.27229659;69.19037687;47.81588941
12.03697168;21.89568458;3.505680935;28.56550923;3.182181743;8.393787965;3.616894036;19.71540611;79.23557872
22.58220745;39.66227999;1.309092092;53.24567305;3.714730355;8.710721567;5.48592063;57.14642505;42.6231012
17.81898799;17.75119985;0.810409068;1.658350058;0.732553243;1.556774871;20.89718751;75.82879976;66.34575499
15.48445793;4.78282353;8.151707573;16.74212629;0.802195033;6.767689669;8.500586228;58.98750756;50.61743321
5.137280833;5.066978473;1.042006876;9.226167255;0.450232502;1.510325463;19.83921446;76.64863113;67.34000925
14.46134979;26.83451079;4.363610293;23.53106317;1.035543084;7.438735653;12.15442114;64.50926406;66.07971531
10.27372277;32.31570893;3.911991788;40.98196302;1.200594373;3.705124038;13.4368056;72.52823156;53.02112273
41.18586766;61.52287084;2.164304255;36.09751698;0.171936387;4.343296466;3.854466528;59.82727031;26.063753
9.013455602;27.33870647;0.994494265;0.790808319;0.719977699;3.979230664;18.33723408;46.81310281;17.60620622
11.39176281;28.13650842;0.66374195;0.786668869;0.61464697;3.637498676;100;31.5734641;14.8500012
18.45722884;23.63513808;0.510829946;8.950062075;0.708058605;3.321947923;41.7413176;51.55705348;19.07757094
0.4674899;18.30428945;1.764271723;5.724008771;0.343179001;5.014811439;87.66229262;44.32374718;22.41022482
8.186538413;28.20489406;1.620310846;16.22618997;0.922048729;1.654431435;20.3730494;68.97042912;50.68583502
36.00161032;37.83445011;0.400869447;26.13112506;1.576350831;4.23259862;22.43499727;55.52211307;18.38644846
13.04563233;31.96855323;1.955371075;4.996782541;0.757063203;0.888633197;18.56746446;58.15306556;21.62760183
12.03697168;21.89568458;0.44734969;9.427058618;1.16985485;1.226852769;21.3685673;7.429793398;56.24129888
3.395132135;12.70017144;0.370121998;1.223635799;0.805937561;1.990598071;13.81187334;62.78645049;25.5520514
12.03697168;21.89568458;0.639673427;11.22792955;1.499600155;2.185487501;5.857163925;14.87404276;69.39389175
2.440332102;22.65484361;1.67587397;4.89342914;0.243030145;3.794893094;15.84554993;65.14745483;40.34835185
5.518776784;9.707637062;1.33970315;1.318204125;0.154565247;3.071798488;29.12619368;55.87236473;50.08113641
4.327082165;6.890966605;0.147887066;3.209041962;0.938864993;0.791649951;10.14367875;53.62593528;35.66393195
12.03697168;21.89568458;4.503913133;53.08603559;1.241185172;23.08020673;25.65472101;5.850807029;55.2651597
6.752566091;0;0.311106634;2.380316119;0.607896552;1.959393439;44.81879323;37.17605397;6.94047737
12.03697168;21.89568458;3.601529783;51.38037834;1.987260972;21.76912649;10.58399362;13.47346769;65.29625562
7.019843628;21.18917479;1.525694095;2.808530713;1.242943144;2.120770332;15.1097305;75.78630229;61.91849738
8.947918381;9.636693219;1.164213839;1.041186835;0.583804137;1.893805624;22.36020216;76.07018745;68.69033716
3.058904784;16.91774585;1.617066709;3.604604462;0.858166804;7.551811356;21.33965709;67.79870291;79.05227264
16.88879269;25.98264894;0.987270105;9.858793041;0.922357776;1.07154108;10.59020308;54.15321825;35.62519922
12.03697168;21.89568458;1.049236846;4.283092646;0.397605718;1.414255222;25.87245951;5.831122219;53.78854993
7.388404545;20.74139464;1.473184429;11.7816126;0.655112314;2.024072538;15.86300726;60.59954742;24.0374427
7.965012096;19.9369315;1.471831476;2.035418581;1.24093402;1.743011007;12.105767;62.18416887;27.50492772
7.476290705;1.31768388;0.318466986;2.500719918;0.764145832;1.745302503;12.27774863;63.30752985;59.68002857
20.22824051;41.77327853;0.453705104;16.11243418;0.958104761;1.744481505;12.35893765;64.93400606;37.30554359
12.03697168;21.89568458;17.28302872;24.18663822;9.049233942;37.5319572;34.95196411;49.90320762;11.82886216
12.03697168;21.89568458;13.04971238;64.77912921;1.165045192;29.05800606;17.86552886;4.111545334;64.46672707
4.459885646;6.293525002;0.771767459;0.86976174;0.174423287;1.519676018;10.64647852;47.03459818;25.68407953
11.37413927;17.23867919;0.648480321;5.799116538;0.649375189;2.847482538;9.945840113;58.95644966;21.52370763
3.919900452;12.96092066;1.168826636;5.966375808;1.04122388;1.894802342;10.60236835;47.56010594;26.42465573
3.923677683;25.49507479;0.929715661;6.350542344;0.187157055;5.742324475;29.08897531;62.13757768;54.56090723
12.03697168;21.89568458;2.214921805;17.66767779;17.43978919;43.91643342;13.78167412;51.87388633;31.7782255
4.625109834;16.0733737;1.566333535;1.577056319;0.473053539;4.878753413;26.33634934;63.54538986;44.67492145
24.46243517;20.58893706;1.682390437;5.518482053;1.389123572;3.808332721;7.436104195;58.69534546;36.17692647
12.03697168;21.89568458;2.617071608;9.216834905;2.764926681;9.986226044;13.58768748;7.062885364;65.23543299
7.441422176;29.46608217;1.044159702;2.887341392;0.962886883;1.302598023;22.1237175;61.0215169;28.68550731
12.03697168;21.89568458;4.858616542;48.46959693;0.540166064;20.2903956;4.023183487;17.31206126;70.46066105
17.26189289;17.20434398;0.712480899;0.730363855;0.644946281;1.798279345;11.52677283;61.46838247;27.51500209
12.03697168;21.89568458;4.727453249;45.2579546;1.466238661;18.16732426;10.0994438;14.56896919;66.84133937
1.9374261;7.789157057;0.36946773;5.57423839;0.580789705;4.198542677;7.426266339;64.23291392;32.4120526
12.03697168;21.89568458;2.214921805;13.26973472;0.424480887;0.256504406;15.83741;70.88841451;55.8906912
14.61916497;15.78665323;1.681347346;22.30759353;0.572503401;8.631260818;9.961641835;66.39503935;39.07680448
3.146242466;16.96558823;1.012820109;7.672573604;3.007342848;2.881322288;6.873539927;55.04242766;38.79717969
12.03697168;21.89568458;1.784852178;67.81005404;1.069172603;31.49934796;11.61858331;24.78297991;94.47052445
7.696249022;7.66122952;0.81096107;7.169751903;0.607112942;0.839714578;15.9066467;60.86041378;29.15062918
13.1215097;34.08255125;0.279971037;0.581368978;0.240317794;2.55488148;14.76741681;59.41165237;24.26665932
17.71320275;21.80544447;0.736295645;7.172359576;0.538167638;2.796702798;20.53063607;64.56692146;38.38777598
12.03697168;21.89568458;4.089501789;52.28431131;1.307242687;22.44902571;3.374316332;17.29323795;70.35931088
12.03697168;21.89568458;4.684629191;46.15431142;1.1946909;18.73051484;10.62188;13.63931938;65.4470597
12.03697168;21.89568458;5.092010425;52.95387761;1.303670483;23.21269725;3.550189254;17.83924598;70.77414528
12.03697168;21.89568458;5.054802278;43.97342326;1.20549319;17.4454873;13.21811481;27.7156958;100
13.53347062;5.056201091;7.644368664;14.91912691;0.123445121;4.867366967;6.544565524;54.70472272;40.46526222
2.366655371;11.53201403;1.074577761;2.710344985;0.280908075;5.165409896;8.122898142;63.55738744;31.06565573
18.35654807;14.30398831;1.017159307;4.727657077;0.209322972;1.017663802;6.011983854;61.79958343;33.08781467
30.82638801;41.28057864;0.382563484;28.50843092;0.95802125;4.341244411;7.842664105;58.29902784;23.40897446
16.19461456;30.89293971;0.285183206;1.724026294;0.495728093;3.966733792;7.165603403;52.38067933;26.6716205
15.09561337;18.19528651;1.753400043;5.138512634;1.682490186;5.316602886;13.61392709;65.64785066;37.32930669
4.182503981;11.02854465;1.309586529;3.039305928;0.691342083;4.299964086;37.14903902;69.1529454;58.77145804
5.993972159;12.35630467;0.47984508;5.517245543;0.751330792;2.936650385;22.57383404;56.96736013;52.01470149
19.56336734;34.02728563;2.212053546;21.66382861;0.857628669;4.22185858;14.6349258;59.3027264;25.32243461
5.461545051;11.60770607;0.717796645;5.265932955;0.758134477;2.708421015;16.14224572;61.2377066;58.63309343
10.15511156;18.5987654;3.676135483;23.09280271;1.264994152;8.353143608;3.976389624;53.31966611;36.16860812
37.16651269;61.99729187;2.061645624;32.86692525;0.630616236;2.704810758;13.52280382;64.40363348;37.49458595
2.962799107;8.109483779;1.97576174;26.60985114;0.849014016;5.755872748;15.12196801;70.1366168;55.19214316
27.63561207;45.69459576;1.26693819;55.53004107;4.251321471;6.626993153;17.20164508;60.35417818;59.88597508
19.99904705;20.61255399;2.895309892;19.86104059;1.081151741;3.725188384;5.151671734;55.07646416;40.12066831
14.23845606;34.6211874;1.801026432;4.949456162;0.492035846;0.615621308;25.97163878;74.88981581;63.6983851
17.84875412;31.02457921;0.494961388;47.41873935;2.791755468;6.075790859;12.72553425;72.37897287;81.70867705
6.666503915;15.70311629;0.301007194;17.29323011;0.869916116;2.065990934;18.66060901;78.37516769;73.96808067
12.48205789;29.42243853;0.658359653;1.664864426;0.569902269;2.573228965;12.85847129;73.11184146;57.62612578
4.955083835;17.08071034;1.777828788;2.162051475;0.500712864;2.667190949;8.797530702;73.28614966;52.46065785
4.658570028;5.7151518;0.433776185;6.027432404;0.793389118;3.661435088;5.17761535;66.14553138;35.50529752
12.03697168;21.89568458;2.214921805;13.26973472;0.805759496;0.887010622;18.53610558;77.62093635;75.01088171
10.14326082;26.90152922;0.831546023;0.305268576;0.589159806;3.569274345;14.63722902;69.35162478;66.80268897
4.048889928;4.155572043;0.321080047;4.360399003;0.773434333;2.815377442;28.74631033;70.84239159;56.80646596
12.03697168;21.89568458;2.214921805;13.26973472;0.672606511;1.887542794;37.35659217;67.84137298;58.5775841
4.906365225;12.88274569;1.368342604;23.8039066;1.283641401;2.233808127;18.66060901;78.37516769;73.96808067
9.234446683;9.969989805;1.686043924;6.347542634;1.566097846;0.891627383;30.69444413;62.09962006;65.99260719
7.567710156;12.38055419;0.871968112;21.08152216;1.020086428;1.231062892;16.99968971;77.75666353;70.34852231
6.089662977;11.42738291;1.75960494;15.21700703;0.625643276;0.954353083;30.61094332;72.92014597;64.91918302
4.979696084;14.76327273;1.604031598;14.43687307;0.310189329;1.862761986;26.92793069;74.89193292;67.65334299
16.25095586;21.13669285;0.252566521;1.964183186;0.457545211;2.790032693;16.59318668;71.09882961;54.75683534
12.03697168;21.89568458;2.214921805;13.26973472;0.491387166;0;13.82026321;73.10726003;59.00604552
1.760506954;20.99991949;1.693818707;12.31689481;0.642090881;3.216551815;9.092593302;63.70045881;34.069099
13.52412559;13.70413115;0.727660157;2.98664391;0.946921593;2.557900218;18.22756704;63.63598708;38.41124561
14.68167286;20.73644813;0.733560192;3.368596601;0.196405585;0.812194524;19.89224019;56.21901486;41.48429688
1.333806185;17.23874218;2.782701131;6.166630479;0.773484234;1.333849615;25.77523609;61.64805034;62.51215067
11.84289676;16.62091815;0.973982259;1.275717459;0.799670805;0.427329032;25.49198918;74.73625116;63.15548558
12.03697168;21.89568458;2.214921805;25.01220982;16.06517129;39.38577732;27.77051037;65.36307144;68.77181726
12.33663961;9.689652537;1.320908388;2.496604706;0.074418663;2.167198811;7.24072548;69.39283012;43.68093781
11.39722263;4.010230663;0.586555501;1.48296531;0.281313773;5.678509874;22.07746961;68.95830294;80.33892944
2.925846664;18.65661982;1.884328251;3.092893612;0.191083321;3.492146678;10.43066499;76.09096344;60.75654583
4.06376029;9.112335501;1.34619638;6.581037041;1.010642015;1.41378113;11.50376033;54.14009215;36.24995591
10.34588806;16.92416689;6.298792537;18.61139063;1.310106843;1.76822724;12.45760499;71.42680086;83.14967512
17.05738635;15.18764686;0.956902447;25.28707009;1.150987298;10.58697839;20.19150977;58.18402362;19.63503521
6.303697388;1.256816754;1.33689133;23.21404489;1.037218508;5.406527819;15.21568749;59.29593825;24.51601899
21.89225485;90.42678078;0.965576597;7.161506407;1.237533124;1.632199548;4.248154751;65.62564195;33.80485775
6.88388541;15.34227666;0;8.718364962;0.155551143;3.467068569;7.972679146;63.18675823;30.83270957
12.92630786;20.49027081;1.943641076;34.93700022;2.469743137;3.184181368;12.62621266;57.75754322;27.45229496
5.84070891;10.96146997;1.090019613;5.963949335;0.328084832;4.487023107;19.41637164;51.8528099;12.09542688
22.62092202;4.408978265;1.113541801;3.07568855;0.611003752;1.702735748;15.6581011;63.26964108;41.90912184
18.54692092;44.31719261;0.083314309;16.8453625;0.903709361;1.772204219;15.6333766;65.45365082;46.57800245
13.49059939;24.82981417;3.045343217;4.758324658;1.335902153;3.292181853;11.20387511;61.34686917;27.69119757
12.82828278;35.84190963;0.325883513;2.697246405;0.249884078;3.135369807;19.38353469;62.55602616;29.60793185
9.125105087;16.83890888;1.203424446;1.632896329;1.248442595;0.70857847;11.75286707;61.85877662;28.63677265
14.29386317;20.05417558;0.818379481;3.699905651;0.207596778;0.811522712;11.88139971;60.37760018;43.45707877
2.529271751;12.98414413;1.260331698;1.683500133;0.20038119;5.577493542;11.18880385;64.74699862;33.97372988
11.4904124;34.36862791;0.405105511;2.647768443;0.380135794;2.567867469;13.99473991;59.59511546;20.77501775
29.74773458;25.09592342;8.102641482;16.91886871;1.031322967;2.378844789;23.77145533;51.981759;39.82029976
34.10378896;31.17079057;8.059195818;17.73334948;1.325884675;2.493842972;9.719369453;53.78395377;39.12938008
14.28879324;29.27036213;1.87613959;5.916183385;0.566418739;1.19456985;33.92455821;51.86213499;13.67420037
31.5109169;95.42669359;0.536627571;1.620400301;1.336188161;1.190625879;26.41643451;63.81857272;39.93853818
12.03697168;21.89568458;2.214921805;13.26973472;0.212356319;1.992375016;8.192409482;64.51673637;34.34329737
3.808498532;11.76544387;1.181409902;6.172446493;1.029657079;1.985177073;15.34568924;53.07263813;33.29694181
5.672829382;8.444634964;0.801829408;6.961178241;0.483898297;4.879674276;15.49673315;59.83873874;25.74462442
3.02927935;4.878724383;0.627255124;3.76899994;0.657489252;2.721230754;14.85337984;59.52007337;25.24881849
6.039415713;22.48233512;0.837605261;6.330398409;0.484563392;5.027645418;19.27702889;53.90266963;26.90035377
25.75648382;88.48206936;0.511104507;3.052425737;0.692107671;1.800169144;11.51111941;61.89697391;28.64715355
6.904804966;29.68234436;1.336079555;2.623587891;0.834704089;5.14909081;10.79055913;56.82390793;33.96696797
6.909468333;27.47901222;1.297927525;2.440123041;0.756560055;4.610581968;10.81336702;56.90368351;34.03199987
14.59988594;20.90489193;1.354187007;11.70081378;0.2567796;2.206759831;14.74076744;61.02141227;58.98130844
2.637665122;1.556999679;0.363030042;6.094250381;0.228915595;8.552842051;10.28644327;57.15556464;46.93547998
6.73526948;20.08673977;1.961823796;0.092688164;0.678140143;1.763846542;10.06413568;60.7755604;29.26448222
12.03697168;21.89568458;0.566400356;7.332558374;0.810652726;0.461974186;7.402579149;25.86616911;91.11890882
23.57164502;32.89227141;0.981852531;28.51425991;0.841229832;5.205586974;7.67047916;64.60851837;33.48512509
10.01069356;7.30892355;4.469978628;9.846670417;0.298998931;2.792003505;9.301496288;52.99349338;33.4709465
13.57927183;33.95292722;0.210219186;0.062277736;0.409640831;2.217282295;14.87461741;76.05243129;63.61385169
9.907479474;36.93650991;0.608468079;0;0.191987868;1.316237514;11.86688284;61.86646222;28.46590716
12.56875276;13.59472176;1.022651325;3.467512044;0.507521055;4.364117885;13.411457;50.85404855;34.6717915
33.48167858;30.94625978;8.65090147;20.50127208;0.768260889;4.134757677;11.91908924;64.25095444;62.9314015
12.03697168;21.89568458;2.214921805;13.26973472;1.281666;1.685339473;15.32890036;66.48321497;42.81705348
16.5374264;19.89191059;0.511140146;1.800759988;0.701225545;2.548631463;11.62146356;61.8653064;28.85445906
8.400671774;35.57284908;1.451111025;1.484589928;0.49256945;1.976893514;20.14719958;67.86709957;47.55637596
12.03697168;21.89568458;0.94957202;7.319126572;0.963937219;0.723354881;26.89814387;0.321772652;50.65808
21.01390177;23.0918144;2.329044742;1.831617821;0.953851806;3.510565064;23.23264113;56.79292333;22.43059401
12.03697168;21.89568458;2.214921805;59.03883049;16.54471038;10.37266018;5.492554188;27.71939903;53.48501429
8.310329519;29.2389309;0.929248227;5.30618402;0.633704183;3.002630831;9.285009011;60.78617148;24.57882494
21.0753638;13.109103;1.100647311;23.03811361;0.971462299;10.65816647;8.795902308;59.66998764;50.88997308
12.03697168;21.89568458;2.214921805;78.91779274;6.942225741;7.692484718;7.991768597;64.47435699;58.32609927
12.03697168;21.89568458;0.804988479;6.097394898;0.656522255;0.716277297;5.898293051;16.39953577;70.09315013
12.08945632;11.38111564;0.980130446;3.816278899;0.801539497;1.799855774;14.62971681;60.70322444;26.49295652
33.45295883;30.32942091;8.14652104;17.99064258;1.244001481;2.616019025;21.52713458;47.68682583;28.99945228
12.03697168;21.89568458;2.214921805;82.14225001;6.713929173;6.617492027;99.8014013;29.38760483;18.69761503
26.04445428;34.8785189;3.182338118;13.87708852;2.156322074;3.103246511;13.80274039;65.96962331;38.42236054
6.271006461;13.73419422;1.465463838;3.608664536;0.655677867;2.94393158;13.76959392;65.99592352;38.50848721
30.32634782;25.62497831;7.69327831;14.87991507;0.830527573;1.050459399;8.041806938;58.70132721;50.85659661
29.14411928;24.27509413;8.12813567;16.94049627;0.998328422;2.540184141;12.40577706;57.90810076;47.43025824
21.76746135;15.21238464;8.665473813;19.14403286;0.918562019;5.873671373;15.29911911;54.79964943;44.50466514
12.03697168;21.89568458;1.171112239;14.21097515;2.055004033;2.535926122;10.8458974;14.41096601;69.08882301
12.03697168;21.89568458;2.214921805;76.01604261;7.632856245;9.849606629;8.403420778;54.28794384;38.56459368
5.7470227;24.3570924;1.149881071;4.693329247;0.467314881;4.726849306;8.801252786;56.78721298;35.78258667
12.03697168;21.89568458;2.214921805;51.27343313;11.58795169;23.96296884;2.750051154;58.96481977;45.57353836
22.57031079;33.12133237;1.105160175;28.96022581;0.713892895;5.17301498;16.54478938;63.62178844;35.59318198
9.473958286;15.94830308;0.778928795;4.927555851;1.792835926;0.65060437;4.224862214;53.14096566;39.81541894
1.389929912;5.928986806;0.477555303;5.370688466;0.398463014;3.997288096;18.28862905;72.81039137;58.10832295
12.12559179;25.84209422;0.787799525;4.263433473;0.295611257;4.015090561;13.34430266;56.99653478;24.44772589
3.536516294;12.96276083;1.388767411;2.458314375;0.496206188;7.102238032;15.50567072;70.52693169;81.05833275
16.89091215;8.714543941;0.475148595;1.590797817;0.068506226;1.256001085;17.46110988;69.51214952;48.90894326
19.72739261;35.7961254;1.281559408;51.28655827;3.348134683;7.965039508;5.674733929;57.4681977;43.71615505
11.43628267;14.36455229;1.05748123;2.235256909;0.669483749;0.588592977;21.08600081;76.15057242;67.43880884
13.90974336;11.37799321;8.418892119;23.32811364;0.472209021;7.724146898;8.500586228;58.98750756;50.61743321
7.162735335;12.94865514;1.819124494;15.19590862;0.482227457;0.704414004;20.02802776;76.97040379;68.4330631
12.03697168;21.89568458;2.214921805;77.69209956;6.981192718;8.20581351;12.51786487;66.0859372;65.87301319
39.39630406;64.57945494;2.319209907;34.56388928;0.549146562;2.991393165;4.043279827;60.14904296;27.15680684
9.484269288;31.67235262;3.741497735;40.20910315;0.998089546;3.030020645;13.6256189;72.85000421;54.11417657
10.123426;3.377918154;1.371225656;4.912452494;0.319846089;1.192082045;41.9301309;51.87882613;20.17062479
0.595400631;19.59022373;1.875699147;5.989860417;0.421882577;4.841219597;87.66229262;44.32374718;22.41022482
12.50466512;18.16954852;2.407574324;22.01269531;0.500508821;5.826308703;20.5618627;69.29220178;51.77888887
31.1569591;43.04484183;0.435093457;28.73726629;1.089913216;3.803528555;22.62381056;55.84388572;19.47950231
2.668402538;23.72608962;1.672888282;4.080751272;0.419972539;3.426908619;16.03436323;65.46922748;41.4414057
13.64959569;34.99936688;1.714044565;4.39136771;0.454779484;0.922912566;18.56746446;58.15306556;21.62760183
12.03697168;21.89568458;2.214921805;13.26973472;0.536225337;1.37893075;13.86607907;62.26405256;27.58953714
3.535239853;18.07235226;1.133042261;8.511778523;2.94970987;3.372416437;21.52847039;68.12047556;80.14532648
21.71878349;41.30945965;3.678818713;21.60522458;1.328321629;3.055707442;10.77901638;54.4749909;36.71825307
19.97463799;17.7666222;0.748407948;22.55355345;0.763983982;9.767533074;10.78185041;61.13153724;29.68525971
7.288925885;16.68468384;1.819854589;13.28330172;0.325963728;0.9165939;14.66068084;60.09150901;25.60708612
12.03697168;21.89568458;2.476064052;63.02843707;0.232028607;28.71324127;25.67881334;17.8364936;83.94234493
35.99704953;34.98979128;0.649907423;24.457103;1.56029588;5.391081699;11.4321716;61.52578597;28.72345458
18.16549284;88.9555248;1.428973014;5.888455688;1.264693616;1.800036353;14.96403889;59.96529658;25.21960147
6.210595611;17.00922477;1.048237119;5.351561427;0.087979931;4.038232616;45.00760653;37.49782663;8.033531218
12.03697168;21.89568458;4.631337781;48.34583948;0.798246948;20.12450154;10.77280691;13.79524034;66.38930947
11.97779368;8.876123892;1.40306184;2.938005964;0.148724799;1.953532293;15.1097305;75.78630229;61.91849738
9.849412322;2.028079881;1.342293066;5.094179945;0.400922198;1.329063459;22.54901546;76.3919601;69.78339101
14.45872193;11.02724217;0.317617029;1.030518633;0.413558059;2.255753206;13.69778304;63.5927051;28.86263774
34.91049316;34.19466441;9.421932088;24.57387283;0.128725337;6.595112609;19.37875611;58.60786738;62.23327957
6.734044166;31.30940541;1.436761071;3.29643731;0.875290924;5.665488353;11.17368538;50.6221051;24.67472058
12.03697168;21.89568458;2.214921805;13.26973472;0.609888241;0.579906403;8.596843108;57.34728815;23.29653719
0;8.443554976;0.818545358;2.869746683;0.393374525;0.481843716;7.307883091;50.08739027;30.23285514
8.445238342;16.53873911;1.819725936;2.52087897;0.983278943;1.52359617;10.00311185;66.89289775;46.49367493
12.00040998;31.63033524;0.775960906;1.306199085;0.940052135;4.670437479;11.83057513;60.41792717;43.58913966
13.81524295;10.51524182;3.279373873;25.95038149;1.151042623;5.661934978;22.25402848;46.78572725;28.62303994
12.91881236;13.7879499;0.92606782;1.181248612;0.414320193;1.082412907;11.93497136;54.93444887;18.74360216
5.840904735;28.60862646;1.455994109;3.252058512;0.651273759;5.169290444;29.08897531;62.13757768;54.56090723
21.02615102;91.26785822;1.263950668;7.245117398;1.500451668;1.529419109;11.72339491;62.02202668;28.46794424
14.9936189;20.9347038;0.570367969;1.367122406;1.041164541;4.968585919;13.60704369;50.61898585;33.07798147
12.03697168;21.89568458;1.012409658;4.294009983;0.349123326;1.397521328;21.78928945;17.93144068;86.56966119
17.70585738;28.87506012;0.221744354;2.042027742;0.143653011;3.302027632;10.2761946;59.34400926;43.03085208
0.473702179;8.521721636;0.91217639;2.612676344;0.288575238;3.971789981;16.16083086;72.05435775;56.03931315
26.82953598;81.59086628;0.926499302;2.732554303;0.529498458;4.244765238;8.161088789;63.76506856;30.84627255
12.03697168;21.89568458;3.144459014;15.78063644;1.384048174;14.54906931;13.77650078;7.384658015;66.32848684
1.64755355;9.637361047;1.158899715;4.593549389;0.72627457;1.082933986;21.02403795;53.44343886;36.71903853
11.46111164;21.51253684;1.200360013;8.520486266;0.490864773;1.153213792;7.615079638;64.55468657;33.50510645
4.32713753;6.775887219;1.280320088;11.84529571;0.528525434;2.936464608;15.9066467;60.86041378;29.15062918
17.01906747;31.16475295;2.26433739;23.62055517;0.969974769;2.87663164;17.65222261;72.5135051;59.72549606
14.3214854;30.06314515;2.088989509;29.53208388;1.914568633;1.489555754;10.15045513;66.716812;40.16985832
2.493248415;13.33077493;0.671493538;4.51455882;3.061359941;1.091846659;6.873539927;55.04242766;38.79717969
5.843484831;20.19793866;0.264935646;5.483853993;0.233740042;2.343589413;6.826943757;63.0785046;27.56273597
12.03697168;21.89568458;1.786426563;67.27162922;1.029593715;31.1800613;11.80739661;25.10475256;95.5635783
10.44509197;42.23320476;2.396869635;9.496538648;0.100304336;1.152788208;20.53063607;64.56692146;38.38777598
12.03697168;21.89568458;8.564770016;29.5757561;0.668375982;8.600386154;22.97048015;71.86117431;51.47307642
12.75302408;11.8025013;8.201553688;24.00595909;0.372011495;7.411199123;6.544565524;54.70472272;40.46526222
12.03697168;21.89568458;2.214921805;13.26973472;0.476794864;2.188873395;8.177103877;63.03498951;33.10314147
6.624661265;11.37548956;1.208154744;5.012915016;0.547976982;3.705314701;6.200797153;62.12135608;34.18086852
2.706238019;20.42822647;1.816422884;10.53205632;1.383510639;2.26699375;7.587209049;58.82196111;50.62328347
22.67961977;35.55467349;1.556264412;22.08999128;0.545895318;7.386046896;11.40579374;62.61351063;29.65485073
100;47.19329032;6.373817892;48.49193667;3.351434495;19.41522409;11.98861194;56.57382659;46.39554269
7.515060438;19.83105546;1.787127766;10.25026392;0.757817465;2.307183939;9.680180941;68.38550071;56.61263001
26.74687298;92.19491169;0.213542339;3.114082909;1.118430411;1.156787513;7.979650669;57.40679191;27.38639463
33.65193197;22.73444299;3.259792665;14.02103418;2.914680855;5.481220111;20.56343555;50.61254126;24.08661299
5.647752638;9.276869559;3.373753654;11.35429288;0.553178353;2.369013329;17.34712113;46.04787197;24.10276965
12.03697168;21.89568458;4.152935522;21.46040311;1.761182893;17.8867785;4.456082559;10.57096981;70.6582426
12.03697168;21.89568458;2.214921805;58.08794048;10.41913129;19.93307428;6.634387017;54.49085298;32.90822265
50.20295079;53.88336854;4.856332188;74.94691163;7.602834386;2.542267114;0.543274187;54.23034336;37.21882896
27.10122122;92.28861634;2.214921805;13.26973472;1.515503056;80.5624741;11.58408153;58.97053495;42.49678227
12.03697168;21.89568458;0.839051697;12.4713288;1.728478264;2.238981228;41.49092669;14.07965501;83.08103114
0.358036288;7.588550187;1.042819993;3.148371659;0.841630986;6.573418563;13.58147332;73.56185324;58.15886061
30.97924543;17.39056944;2.214921805;13.26973472;1.515503056;100;21.42554783;62.66546199;56.05272086
12.03697168;21.89568458;31.18375736;13.26973472;32.77045974;5.200564308;5.214640189;61.82359589;50.96573799
12.03697168;21.89568458;2.214921805;13.26973472;1.515503056;5.200564308;10.09785474;58.9251789;31.52721556
12.03697168;21.89568458;0.305933907;10.30234276;1.286811683;1.952246989;16.44379331;16.52585167;73.17955119
12.03697168;21.89568458;1.163914446;15.58360966;2.227798511;1.188831466;3.805707335;20.03717876;80.32863257
12.03697168;21.89568458;2.214921805;13.26973472;1.515503056;5.200564308;12.69019549;59.5548972;21.46803472
12.03697168;21.89568458;4.108119516;52.67204353;1.322606967;22.69752231;23.1610055;4.878340725;52.35901849
12.03697168;21.89568458;2.846862759;25.07322233;3.835189791;6.269158855;23.1899307;4.536883263;49.78935487
12.03697168;21.89568458;2.214921805;100;2.627961333;9.072698887;31.05628133;40.28876988;16.67357684
12.03697168;21.89568458;3.484985738;51.45839146;2.159080138;21.80617569;1.529467979;16.33959496;67.55451984
12.03697168;21.89568458;4.551696397;47.01359206;1.199290169;19.24056533;10.2882571;14.89074185;67.93439322
12.03697168;21.89568458;31.59088236;13.26973472;33.16312126;5.200564308;1.870052151;58.00533178;43.46326486
12.03697168;21.89568458;100;13.26973472;100;5.200564308;1.788495757;53.10329743;32.97676725
12.03697168;21.89568458;2.911614191;55.20868801;1.481721194;24.02645185;0.175872923;13.84653584;65.62132287
12.03697168;21.89568458;3.417305286;55.55095449;1.066009494;24.31724914;0;13.30052781;65.20648846
12.03697168;21.89568458;5.334833448;42.13213623;1.391186492;16.34566491;7.247563672;9.646609245;60.29423729
12.03697168;21.89568458;1.335747656;16.78309852;2.423945191;1.43895267;5.634053222;27.168339;96.24627172
12.03697168;21.89568458;2.214921805;13.26973472;1.515503056;5.200564308;20.3134784;100;60.41753031
