distancia_minima_TRANSITO;distancia_minima_SEGURIDAD;distancia_minima_SALUD;distancia_minima_FINANZAS;distancia_minima_ENTRETENIMIENTO;distancia_minima_EDUCACION;Factor1;Factor2;Factor3;CLUSTERS
1.192312933;1.537499923;0.224996322;0.1371459;0.285008438;0.77625889;1.173703324;1.744018037;1.49848943;3
1.198632704;1.501024882;0.386806621;1.136496823;0.345427539;0.456030615;1.239585502;1.798885829;1.762997038;0
0.882748907;1.398139175;0.319653569;1.02506576;0.191432851;0.408215305;1.322798542;1.891929783;1.841566325;0
1.028486244;1.282547126;0.668692973;1.386327409;0.354473646;0.960278812;0.696914376;1.734957092;1.570176298;2
1.012011774;1.01891796;0.345006089;0.368736441;0.183791914;0.487544906;1.344117084;1.887339153;1.835302442;1
0.601156243;1.046754262;0.151493372;0.75951574;0.256374521;0.696337279;1.285301361;1.868117508;1.771648638;1
1.329935413;1.302288911;0.612131751;1.339376548;0.277880927;0.613659045;0.877533252;1.75516016;1.608997284;2
0.880673703;1.100015451;0.179943225;0.787170215;0.229072624;0.592001114;1.234067716;1.794053581;1.775487339;1
0.401300474;0.985602803;0.467302472;1.436447512;0.308640903;0.79021993;1.207418055;1.852093207;1.749675596;0
0.866218752;1.092044444;0.191362074;0.780111226;0.22702264;0.589617139;1.372430222;1.763183523;1.72439632;1
1.153071343;0.97011466;0.978459605;1.356082467;0.135315559;0.904896915;0.977750404;1.778060818;1.712796404;2
0.58267351;0.591239015;0.384210965;0.337691643;0.277518479;0.948170832;1.473433104;1.856380781;1.761976419;1
0.522077775;0.643371486;0.366416956;0.283692748;0.254659066;0.932715955;1.38661823;1.895194216;1.857899552;1
0.813020412;1.062667473;0.379585125;1.167744805;0.141611174;0.486187092;1.499837456;1.868762816;1.819011816;0
1.208840126;1.611895236;0.265585958;1.250960336;0.108963068;0.624904381;1.134375163;1.769063629;1.454117302;0
1.511739231;2.004321374;0.045805132;0.291009617;0.453254794;0.485535181;0.22660638;1.79456583;1.455742715;3
1.259274127;1.229431301;0.329291972;1.403155052;0.319454811;1.074667972;1.102178332;1.748044185;1.284884931;2
0.77598032;1.087449422;0.525071165;1.122957424;0.235355876;0.517568721;0.81487751;1.78093609;1.459742538;0
0.779946831;1.089566681;0.521466026;1.125673704;0.235511211;0.495126368;0.7331611;1.777225764;1.40801654;0
0.044101013;1.322402716;0.467324308;0.833599313;0.123477959;0.755370291;1.309978563;1.723068081;1.11711966;1
1.259134586;1.526359216;0.16163982;0.266326461;0.189285503;0.741278539;1.194159797;1.847274132;1.831246918;3
1.074108786;1.433416169;0.319455298;1.12688241;0.346309378;0.824202655;1.220980421;1.822518845;1.677406204;0
1.248407819;1.497583375;0.090702718;0.482666522;0.143619301;0.681450275;0.958102822;1.841661607;1.768276903;3
1.024433889;1.410890181;0.290801688;1.123527657;0.320318591;0.796314067;1.221625494;1.808005875;1.632549627;0
1.153044301;1.054376971;0.47333051;0.737089764;0.350596683;0.551138424;1.217633177;1.854469595;1.914122689;3
1.184310653;1.513683108;0.179161839;0.182506171;0.255720579;0.72935562;1.411195529;1.850636432;1.841021589;3
0.607916238;1.068481504;0.33400277;0.788808908;0.206367035;0.883768821;1.585361448;1.843142692;1.768143243;1
0.841494121;0.638134005;0.028175501;0.573720049;0.275565593;0.269149967;1.01414175;1.842065316;1.843793678;1
1.251928453;1.424624411;0.108715878;0.328433556;0.120660775;0.507481309;1.506193038;1.81848881;1.807194076;3
1.019344622;1.480194335;0.294381185;0.265616057;0.263327957;0.731381647;0.737227602;1.79454158;1.620092725;3
1.489729975;1.991885697;0.057749482;0.127890062;0.408268885;0.346752045;0.916376783;1.848956626;1.648758268;3
1.087135179;1.429981051;0.227693951;0.326123895;0.154231887;0.60566694;1.277690275;1.87289747;1.904482879;3
1.00186029;1.43958957;0.299704473;0.301416324;0.221291831;0.678752611;1.11863818;1.840570202;1.804934125;3
1.212059612;1.474548811;0.638506236;0.682762178;0.279882177;0.554823709;1.133648742;1.797393379;1.465627069;0
0.786013585;0.585734793;0.372119425;0.463723895;0.179274167;0.924245037;1.168403874;1.90863075;1.874509747;1
1.106369684;1.532506904;0.443313139;0.682905065;0.222171037;0.389335573;1.430907335;1.880183499;1.810893441;3
0.298819632;1.105473273;0.114856065;0.634799465;0.093453206;0.721144633;1.174782665;1.874779927;1.771305308;1
1.175746591;1.656073806;0.640408184;1.346611599;0.255234248;0.537647524;1.568780704;1.796399938;1.831261652;0
1.175746591;1.656073806;0.640408184;1.346611599;0.255234248;0.537647524;1.071109026;1.74409724;1.57655157;2
0.704049727;1.42680317;0.409681924;0.569148815;0.222975615;0.591973454;1.309279497;1.803156735;1.485833986;1
1.119629655;1.475688631;0.419953736;0.748766435;0.21545055;0.451628577;1.325252864;1.838011792;1.686246265;3
1.389832358;1.445970254;0.4997291;0.682561344;0.354131842;0.790883724;1.384400751;1.761874663;1.369783299;0
1.082824349;1.60550986;0.32144813;0.366784656;0.193079661;0.414296261;1.464165379;1.762141385;1.420976558;3
0.796592273;1.642953348;0.568826759;1.306883768;0.253486297;0.728522232;1.38171609;1.688114817;1.443099093;0
0.804949226;1.107589017;0.53979128;1.106212919;0.253145768;0.562634968;1.228057477;1.791412821;1.479296379;0
0.917042915;1.369569653;0.351129815;1.055887621;0.216978418;0.466565094;1.231770754;1.791840206;1.417147663;0
0.097474103;0.8070818;0.227515402;0.820587469;0.121912316;0.666966098;1.244148159;1.810378973;1.563400175;1
1.077797787;1.587312264;0.355872531;0.39877339;0.190134843;0.474658477;1.543130921;1.723144699;1.166554445;3
1.639897957;1.811145082;0.537228826;1.581747672;0.051963027;0.741542718;1.33464303;1.792789842;1.571636109;2
0.711846298;1.239841835;0.293122666;0.952295143;0.587981884;0.614470846;1.352731706;1.839606717;1.909263512;1
0.997553436;1.289537223;0.29221869;0.863199041;0.244466917;0.53504794;1.283924334;1.810474385;1.595620161;3
1.131322037;1.147888497;0.397566944;1.53039484;0.281618139;0.60959074;1.096871654;1.76817451;1.674861763;2
1.154561718;1.455639667;0.35444163;0.975947267;0.134792654;0.649307449;1.15667944;1.763402046;1.405648978;0
1.272096594;1.311404251;0.306922896;0.786076566;0.166149264;0.438915063;1.33305686;1.816684793;1.595361459;3
1.167049451;1.380120706;0.390389575;1.086358632;0.21516178;0.354770633;1.197025903;1.792541651;1.778015935;0
1.243700056;1.181141639;0.661935615;1.394652081;0.343430051;0.798622354;1.052557103;1.764591277;1.68065708;2
0.153076254;1.175822587;0.401499042;0.706253381;0.143204576;0.371456469;1.044897252;1.764691005;1.633541786;1
1.106309445;1.188994909;0.634397155;1.388531379;0.287477844;0.299353042;1.165114253;1.868350524;1.741263323;0
0.92885375;1.234825392;0.295284371;0.44211679;0.371250964;0.226310475;1.169368555;1.826048378;1.596690401;3
0.768291711;0.690167413;0.027511348;0.496289045;0.267566232;0.293236956;0.973993226;1.740733549;1.597975585;1
0.470014034;1.184783244;0.174621205;0.63139608;0.215787748;0.720615803;0.801029064;1.790419188;1.515633958;1
0.733418764;1.261998247;0.205352836;0.054160209;0.290857636;0.552744054;1.200703267;1.886786347;1.81032563;1
0.976039182;0.936320635;0.700702772;0.947445474;0.049454989;0.593333621;1.393951522;1.724126373;1.61087619;1
1.618941605;1.356552098;0.87443596;1.473467327;0.806253331;0.89799986;1.15686699;1.725117752;1.565113319;2
1.260310382;0.955645196;0.971956887;1.272154081;0.277138933;0.896664851;1.212164133;1.74663147;1.658055923;2
0.330015689;1.422178251;0.390585089;1.01982792;0.137442965;0.416328404;1.044348462;1.840547517;1.629869289;1
1.491174793;1.422620828;0.960580805;1.258188223;0.316883122;0.537414591;1.127291993;1.770175021;1.685116785;2
0.948297138;1.248376525;0.246348046;0.858081596;0.283808623;0.578744465;0.938043099;1.81696023;1.537631806;3
0.625124484;0.983317235;0.191409828;0.564184748;0.300433173;0.91882091;1.133478342;1.755986288;1.578595308;1
1.296375966;1.370548369;0.175085667;0.972743282;0.20202782;0.638610402;1.632762213;1.723281806;1.325733675;0
0.664110201;1.250782895;0.204202041;0.526197294;0.201278963;0.688864975;1.673088085;1.663473871;0;1
0.432411103;1.04728661;0.335813372;0.563232451;0.106872207;0.181514208;0.935702476;1.757157735;1.606006359;1
0.823748084;1.215224797;0.359529976;0.854812981;0.084873127;0.873837825;1.106662565;1.797518705;1.46881674;1
1.084526932;1.594753546;0.343483079;0.39588772;0.183738748;0.458974766;1.301258808;1.762633686;1.320954154;3
1.42175201;1.628258731;0.39863784;1.278482223;0.397149357;0.472332688;1.097531698;1.795711459;1.455443797;0
0.190738376;0.687118558;0.434994945;1.120119937;0;0.630742279;0.944954227;1.809342944;1.496099236;1
1.042579381;1.341794381;0.319934316;0.617139248;0.31103522;0.651438955;0.959915441;1.809848694;1.519020592;3
1.206879685;1.29659089;0.43157528;0.786507677;0.399212206;0.757589325;1.170342123;1.825877856;1.595742625;0
1.174173642;1.352087472;0.093689155;1.615889227;0.441997475;0.58443961;1.344633418;1.687769371;1.439211808;2
0.996528137;0.493021661;0.204547498;0.275019951;0.223563914;0.570080036;0.921538109;1.758834609;1.613740439;1
0.95074705;1.618046983;0.547411565;1.275774206;0.119277597;0.677344483;1.114919292;1.744730237;1.605548811;0
1.295381308;0.721522839;0.179377954;0.007378585;0.150300414;0.472039871;1.153524895;1.797331072;1.468677481;1
1.529426766;1.36199554;0.61677825;1.157711229;0.579660876;0.800913781;1.502761009;1.682168474;1.327100958;2
0.86484311;1.093077093;0.422926299;1.200268722;0.193514479;0.353641825;1.02857861;1.841268727;1.760517701;0
0.279493021;1.105591019;0.121666921;0.687319811;0.123824424;0.727212144;1.377711981;1.779504836;1.657767677;1
0.49148426;1.114454732;0.268830273;0.81488447;0.182305257;0.821460396;1.108403342;1.744833095;1.392626201;1
0.604610716;1.236057883;0.286356747;0.906166101;0.603886603;0.546581816;0.896170034;1.74851694;1.599852296;1
0.260157096;1.110044855;0.111163662;0.654264637;0.105793198;0.719164244;0.857380577;1.800176321;1.546306557;1
1.009259626;1.164487428;0.342702297;0.270345631;0.270411074;0.262850746;1.371972755;1.888695846;1.849931364;3
1.517541007;1.986548576;0.193930954;0.463613133;0.378481033;0.36963281;1.488747513;1.833830863;1.700965368;3
1.137300035;1.293155028;0.31883755;1.048950403;0.176677891;0.433907727;0.896198817;1.747666662;1.615226422;0
1.192808206;1.463393294;0.449910579;0.820862705;0.17829066;0.409266356;1.291534554;1.771977257;1.354638528;0
0.205448826;1.281255988;0.438442481;0.827952422;0.13135208;0.778724314;1.947738957;1.656325808;1.369405584;1
0.880933288;1.290852068;0.553452866;1.056652028;0.310821744;0.372396423;0.933852036;1.776860646;1.712845624;0
1.078189165;1.505535992;0.2699003;0.429342925;0.283026943;0.751819329;1.052162562;1.780634161;1.64375709;3
0.562855525;1.210748459;0.192960585;0.604524756;0.197588528;0.716074629;1.207088275;1.885283754;1.798778342;1
0.864349634;1.501127939;0.390643823;0.636562123;0.255447795;0.818736546;1.108246124;1.788295155;1.649229093;3
0.628950385;0.977540002;0.165723735;0.370315484;0.105651307;0.692574887;1.234538311;1.863646127;1.756174287;1
0.979649709;1.36695787;0.241634935;0.671657917;0.209689615;0.462599834;1.27073059;1.86636713;1.783371071;3
1.22873575;1.030005401;0.995977377;1.341096207;0.134816949;0.95581505;0.877634235;1.745892017;1.617684416;2
0.827568249;0.721127976;0.220319301;0.129027096;0.078631123;0.513668383;1.054325423;1.739949581;1.576997317;1
0.545413573;1.390228975;0.434562224;0.701681945;0.157941307;0.653670004;1.231325904;1.822620631;1.62778976;1
0.901558634;0.607797101;0.290202393;0.558947657;0.253712888;0.579655934;1.364057655;1.792542384;1.472544475;1
1.385953576;1.491659119;0.273823166;1.49094977;0.242692088;0.854870845;0.935259296;1.816603745;1.537883372;2
1.227485045;0.872452846;0.360622606;0.571067009;0.292705067;0.666811944;1.28951652;1.70109262;1.524011767;3
1.111120919;0.620875035;0.218333554;0.335860477;0.110865992;0.811105399;1.053439219;1.730935047;1.575178197;1
0.775844827;1.101476119;0.652548739;0.806050396;0.1115771;0.45862111;0.900028825;1.748757849;1.615948011;1
1.371133738;1.645289472;0.132718746;1.325725997;0.361660827;0.115995648;1.210909845;1.781492534;1.409465937;0
0.865682773;1.222404287;0.379327238;0.857259458;0.110235926;0.892306493;1.205407595;1.77879557;1.387478039;1
1.148030035;1.400028592;0.395478739;1.000319131;0.078692763;0.253918521;1.214471875;1.784104656;1.429845855;0
1.115176722;1.359753633;0.663085602;1.758403032;0.305342964;1.412290814;1.423139012;0.809153004;1.739512398;2
1.115176722;1.359753633;0.646045914;1.732919273;0.416731791;1.376233073;0.86857037;1.212657182;1.836150169;2
0.416039618;0.649619661;0.248909444;0.843752314;0.053715572;0.607330917;1.208151107;1.77821445;1.382774122;1
0.92143694;1.255972051;0.448508618;0.681572878;0.205394653;0.857249555;0.97571741;1.812648228;1.518936853;3
0.949118834;1.259889443;0.462539287;0.732556756;0.225267859;0.855238702;0.967113366;1.81047399;1.504205506;3
1.310042636;1.532547904;0.436601483;1.160134928;0.220183186;0.402300358;1.218441089;1.779861216;1.396710071;0
1.115176722;1.359753633;0.741289802;1.684739512;0.336845474;1.311083431;1.339893287;0.908131749;1.751986635;2
1.097392751;1.599665827;0.337303367;0.433943482;0.170658548;0.465442589;1.522844786;1.705102069;0.935774305;3
0.775435257;1.13679967;0.394197135;0.599700654;0.246037903;0.76462971;0.969106375;1.810245017;1.502683337;1
1.164110861;1.494097573;0.164678796;0.323555733;0.24688149;0.694480837;1.078041751;1.763251911;1.54255305;3
1.116397728;1.360896475;0.364473489;1.040461963;0.262629526;0.174172734;1.057790321;1.734003484;1.589819584;0
1.158507133;1.401564318;0.392150591;1.033942534;0.120210565;0.097540695;0.975362058;1.812689253;1.519200991;0
1.006517272;1.224052102;0.569847916;1.122755295;0.308297634;0.448290127;0.882907876;1.750159831;1.622141458;0
1.510849601;2.003352844;0.036330194;0.257418208;0.449282055;0.472016357;0.762621257;1.827088294;1.551464628;3
1.248377993;1.279229014;0.513892823;0.925803667;0.350385355;0.743191538;1.211538916;1.78135504;1.408399493;0
1.193958772;0.62208074;0.31939817;0.560917406;0.228195498;0.756371877;0.906919635;1.747972493;1.61244181;1
0.744295921;1.253884613;0.288689097;0.720053555;0.086960154;0.780088634;1.096034313;1.795950203;1.457154038;1
0.75656974;1.242039507;0.402509572;0.373877909;0.176258832;0.785663047;0.967405599;1.810435839;1.503946198;1
1.665277341;1.868037769;0.637338211;1.601103332;0.248526678;0.759795398;0.977614606;1.81242931;1.517526016;2
1.190804217;1.622118803;0.341840474;0.701022962;0.05996158;0.569010063;1.522854425;1.705097999;0.935699549;3
0.994860818;1.48071723;0.311800783;0.336438115;0.274074645;0.742963716;1.20009941;1.743293627;1.477603686;3
0.989971338;0.993152316;0.79850411;1.228325631;0.080410164;0.219406146;1.359498815;1.681434909;1.474539278;0
0.930403744;1.285072037;0.396194951;0.766240797;0.106072612;0.888284408;0.995439514;1.813887595;1.527374144;3
0.910748497;0.917551653;0.270500645;1.026755272;0.422468397;0.807334503;1.049475859;1.731596425;1.578273396;1
1.070815207;0.973744905;0.752140835;1.065822082;0.119479735;0.568728954;1.092409466;1.732738578;1.584460204;0
0.399213064;1.335433351;0.40360248;1.054002011;0.276933667;0.164169287;1.368937759;1.76076607;1.715348466;1
1.419212989;1.357859406;0.195422992;1.521489079;0.4022458;0.714303577;1.188819194;1.778013367;1.401906591;2
0.486562538;1.345607652;0.40755642;1.06392667;0.258844042;0.141830545;1.229257639;1.791802428;1.767453012;1
1.037325464;1.275608563;0.664066146;1.381221061;0.364344815;0.964065856;0.696914376;1.734957092;1.570176298;2
1.584065635;1.803446316;0.495921182;1.531551148;0.204717143;0.552408349;1.156367113;1.813459962;1.572889393;2
0.834232868;1.182137253;0.378415959;1.139016808;0.365342083;0.895772894;1.165954304;1.793891337;1.808507701;0
1.474171005;1.685269829;0.389377017;1.76001091;0.734581748;0.846996618;1.255581993;1.785560488;1.776649772;2
1.324739656;1.299466069;0.61129468;1.340838422;0.336554103;0.700892486;0.775454499;1.746281417;1.602359708;2
1.219350113;1.532279163;0.444057886;0.869253562;0.177830666;0.061970702;1.427856391;1.878338176;1.803493519;0
1.269401398;1.605288629;0.172435274;1.186712603;0.200653403;0.576780265;1.165434285;1.906525089;1.866772131;0
0.920177627;1.273100367;0.394296475;0.788343194;0.104983837;0.891025331;1.224180269;1.875807872;1.792550317;3
0.870927191;1.240251044;0.125604108;1.258236444;0.262753854;0.493871892;1.289406004;1.897920526;1.868497652;0
0.252320333;1.026046455;0.233840496;0.722897192;0.206851338;0.812903407;1.135757649;1.867997915;1.759917563;1
0.579994534;1.198967135;0.392971451;0.681751156;0.156047706;0.537062291;0.929880456;1.822078457;1.781045101;1
0.963718772;1.281199091;0.320166184;0.564197409;0.40031367;0.354405858;0.777339959;1.8249309;1.549153444;3
0.475950677;1.186783523;0.162693568;0.616823173;0.225429518;0.7110946;1.289631306;1.898414343;1.869075557;1
0.581174141;0.956219954;0.25548192;0.468629314;0.165866495;0.373280418;1.177995426;1.827948112;1.84231352;1
0.369846005;0.779265163;0.349371377;0.447743504;0.262730121;0.916890855;1.470667655;1.854431264;1.753685777;1
0.522093411;1.205700801;0.160883182;0.575844124;0.226205709;0.695352821;1.583225834;1.841132695;1.7599706;1
0.896466742;1.298892698;0.362432217;0.575637005;0.158071454;0.798524149;1.289406004;1.897920526;1.868497652;1
1.115176722;1.359753633;0.506163762;0.49812441;0.296474166;0.542590769;1.626362065;1.169024044;1.919015179;3
0.727913927;1.116863049;0.176266208;0.382899574;0.277586446;0.412356555;1.513288339;1.84730068;1.762423629;1
1.00494972;0.987860145;0.196040146;1.281553286;0.409084885;0.657673318;1.25068529;1.894509297;1.846680134;0
0.830139411;1.075763317;0.392333047;1.178698141;0.151424441;0.451594459;1.497235621;1.866868216;1.81175009;0
0.863717908;1.368470116;0.406201171;0.602511767;0.327165104;0.548415959;1.443092638;1.878350343;1.8296915;3
0.305183591;1.30480904;0.5543254;0.773665591;0.237250026;0.512007952;1.424659907;1.79467119;1.79531748;1
0.370349494;1.084336373;0.054110853;0.616606587;0.139171937;0.636071114;1.420008189;1.877454732;1.799770713;1
1.115176722;1.359753633;0.507170414;1.250948947;1.268374868;1.65649985;1.456088012;1.819815606;1.836822467;2
0.782181251;1.203588852;0.59969236;1.002574102;0.329576338;0.195115905;1.564441255;1.786969854;1.832018537;0
0.318988797;0.997641737;0.23116803;0.693086584;0.186388714;0.814544497;0.90589903;1.845538672;1.639365786;1
0.816496061;1.126728418;0.22408853;0.431011722;0.312440535;0.309779435;1.383238458;1.893411713;1.851264572;1
0.780610373;0.835874823;0.221408592;0.485946983;0.200310568;0.656945836;1.050837851;1.885186963;1.782927406;1
1.24733347;1.416131681;0.270703741;1.018537865;0.30944623;0.415757427;1.090432548;1.738925718;1.558191213;0
1.115176722;1.359753633;0.507170414;1.154415899;0.400624849;0.792431216;1.070737664;1.634258353;1.920829691;2
0.683523358;1.111385259;0.153787194;0.400484275;0.26085041;0.451849006;1.162803589;1.90690266;1.868125579;1
0.633093627;1.087256276;0.384863077;0.430655413;0.068385599;0.514949192;1.135653427;1.826409015;1.819557695;1
0.317757406;0.974623695;0.253867016;0.664954943;0.207462914;0.833035136;1.240658392;1.855985647;1.737699672;1
0.538016217;1.162339623;0.332464253;1.167565829;0.005285899;0.613066763;1.004002773;1.81090736;1.544924608;1
0.950053702;0.314430571;0.323636251;1.377552214;0.295292112;0.844054271;1.326161899;1.772204487;1.314605214;1
1.097981421;0.856703283;0.223029193;1.37778515;0.284848498;0.934486603;1.209935366;1.780288057;1.406812917;2
0.626648087;0.98185793;0.215966751;0.562450423;0.079760154;0.798095667;0.71935996;1.822127332;1.543384665;1
0.904341386;1.175720453;0.520629932;1.103952555;0.29601234;0.394899402;0.952922138;1.807445442;1.502873607;0
1.393907662;1.441155905;0.501892168;1.308032884;0.456959434;1.047264522;1.128315225;1.766678775;1.437104047;2
1.326115748;1.512586081;0.362358571;1.44984599;0.497600377;0.405497021;1.309978563;1.723068081;1.11711966;0
1.345561461;1.251994317;0.186283762;0.949100124;0.137615359;0.588820942;1.150924888;1.760985812;1.386582286;0
1.352271381;0.883417878;0.324317925;0.652081544;0.204799961;0.309685607;1.216674819;1.805826073;1.621343193;3
1.487724228;0.81038019;0.490969446;0.967884433;0.141431304;0.78545705;1.216022345;1.820410857;1.667312355;0
0.900982513;0.138787147;0.155035023;0.474639519;0.172458418;0.528760369;1.100154941;1.694046685;1.430687857;1
1.138860449;1.353038837;0.682424225;1.36153332;0.362928298;1.009578989;1.030836175;1.727742194;1.566355008;2
0.406235714;1.165994802;0.188071498;0.673998137;0.209768021;0.740980243;1.099129786;1.796137071;1.455510554;1
1.504751761;1.445533578;0.963089325;1.269466986;0.342878469;0.551370002;1.022451308;1.73609503;1.591468939;2
0.321473118;0.996444404;0.265126027;0.688152837;0.231397638;0.839170349;1.206753462;1.783458848;1.400671772;1
0.871662659;0.941643723;0.320742722;0.302176234;0.080897895;0.831366912;1.10305313;1.796190441;1.452903013;1
0.791277434;0.820361169;0.227785124;0.477794395;0.202284427;0.655826331;1.211512848;1.832544759;1.620963942;1
0.639542495;1.015525953;0.185976402;0.324172258;0.057028878;0.737538335;1.106487508;1.797673508;1.454615708;1
0.757565284;1.439180375;0.377020785;0.629519645;0.212963972;0.545421286;1.305237866;1.800952396;1.470040992;3
1.299526771;1.096392361;0.90673967;1.080533952;0.254471236;0.88425403;1.207103784;1.744119832;1.64749653;2
1.115176722;1.359753633;0.507170414;1.66056369;1.142289432;1.464333248;0.694813748;1.781560496;1.653250102;2
0.735709038;1.539033813;0.391070338;0.504361167;0.149387082;0.60843333;1.279638516;1.808306969;1.583405006;3
1.205944438;1.423726513;0.096405489;0.327744184;0.140979253;0.50932201;1.316042237;1.755091217;1.616908469;3
0.858643808;0.203446454;0.110470981;0.474160478;0.195355655;0.47070829;1.119709328;1.714249363;1.527190041;1
0.805429181;0.453962962;0.114949837;0.352529338;0.181944486;0.48158236;1.037438889;1.762281952;1.622361256;1
0.84918745;1.013224836;0.671384688;0.88559899;0.162164641;0.546921752;1.004866393;1.729745519;1.523458914;1
1.215226891;1.533258799;0.446513255;0.860977366;0.180190913;0.031848531;1.32135784;1.835977852;1.676358133;0
0.420680533;1.080877346;0.261733795;0.782266724;0.210859884;0.823615827;1.090572693;1.794766706;1.457630204;1
0.594908097;0.946236777;0.736722867;1.246099215;0.156247028;0.666182213;1.390628557;1.721480742;1.599088459;0
0.859737337;0.929250199;0.319010656;0.32141447;0.074777484;0.836353634;1.190383865;1.779110414;1.4037017;1
1.126291523;1.707233489;0.542321141;1.062933239;0.411019244;0.712349409;1.00603884;1.833859574;1.616775508;0
1.186554126;1.49309011;0.469387225;0.86342157;0.200392039;0.281786491;1.540776617;1.720493063;1.132936435;0
0.379426185;1.077959959;0.0661533;0.594712483;0.126838774;0.647466478;1.434885128;1.807974029;1.601903574;1
0.668403474;0.768432373;0.309708602;0.507061571;0.111151529;0.877953124;0.960860837;1.819801372;1.522520021;1
0.782895567;0.684022625;0.019315855;0.514775999;0.270430218;0.279378121;1.182078966;1.723774815;1.527437864;1
0.823794921;1.182320127;0.231556268;0.296481284;0.328237393;0.302006767;1.318175891;1.7739235;1.334790555;1
0.613620875;0.923223036;0.243794039;0.419147609;0.150403236;0.387215761;1.049792222;1.738505088;1.564994236;1
0.884493111;1.266093926;0.374617288;0.78310863;0.066208515;0.871036758;1.342242079;1.800303208;1.508998255;1
0.585751221;0.89720459;0.255258863;0.606320631;0.116780156;0.834615363;1.091376025;1.795322111;1.458613736;1
1.587459431;1.802785074;0.487924311;1.534967242;0.227591546;0.587184723;1.23095919;1.848938759;1.705320079;2
0.993655066;1.148077951;0.333631414;0.898882478;0.424627811;0.068098542;1.04523024;1.762181669;1.670639381;3
0.223248565;0.954087141;0.267674975;0.640729114;0.217936661;0.844913188;1.03644214;1.788548656;1.464957695;1
1.115176722;1.359753633;0.327882182;0.757914906;0.199625414;0.423477705;0.914542318;1.423972855;1.959164767;3
1.21438478;1.463130997;0.033506355;0.305484081;0.161936639;0.607362129;1.103550129;1.785727122;1.637129585;3
0.609187083;0.909013542;0.235843591;0.390199046;0.152076813;0.404557853;1.163939918;1.839808392;1.854635914;1
1.540814002;1.498854331;0.948298784;1.248662537;0.368435624;0.4657203;1.104837817;1.81243993;1.798224757;2
0.920882539;0.889299529;0.319377569;0.483982951;0.051680516;0.660412656;1.054343767;1.740089833;1.565788057;1
1.115176722;1.359753633;0.504719873;0.47730632;0.293566972;0.543521705;1.442626034;0;1.703850236;3
1.303149048;1.325774043;0.45471552;0.629148413;0.232297699;0.416378469;1.381003609;1.759449893;1.349035346;3
1.115176722;1.359753633;0.507170414;1.803937478;1.247531091;1.043990106;0.799598354;1.453282041;1.727475868;2
0.864894818;1.411739156;0.224645624;0.921445503;0.160255595;0.442243036;1.036880588;1.838525446;1.61859257;3
1.225746957;1.345112271;0.225602997;0.585199111;0.123114307;0.241839088;0.963332868;1.830333382;1.744124596;3
1.115176722;1.359753633;0.305349259;0.697216324;0.064901399;0.349762531;0.826688847;1.232430985;1.845098637;3
1.331907932;1.551106084;0.427166679;1.182745761;0.256877286;0.402266201;1.188672709;1.788037156;1.421602326;0
0.57068147;1.199541514;0.234489472;0.687816205;0.155226162;0.759297135;1.163780776;1.823957493;1.584505737;1
1.540662512;1.53030843;1.02224404;1.412650219;0.128113635;0.896283185;1.1211317;1.76779628;1.675202606;2
1.115176722;1.359753633;0.314553666;1.217221208;0.501836909;0.199210061;1.06658993;1.178666024;1.83882246;0
1.115176722;1.359753633;0.399847154;1.278201366;0.557299783;0.492296172;0.585226298;1.283876069;1.86190184;2
1.2544504;1.251779282;0.32891427;0.757142319;0.218951902;0.199866321;1.041122517;1.765695477;1.547040709;3
0.624252524;1.111666781;0.396944952;0.490045319;0.078936085;0.522476761;0.965198678;1.738187467;1.585827433;1
1.373229294;1.531498287;0.554482743;1.141348912;0.340964319;0.675427891;1.239449043;1.80821108;1.550229921;0
0.758765582;0.581559515;0.123518342;0.234087647;0.182271449;0.488735084;0.70208994;1.730937181;1.599035099;1
1.405789589;1.537581984;0.614785384;1.324105735;0.144169226;0.695208107;0.928481159;1.814825021;1.523643358;2
1.35544516;1.515723039;0.537489657;1.121292535;0.312300426;0.630790805;1.285301361;1.868117508;1.771648638;0
1.179500501;0.762203625;0.392079326;0.780532227;0.281644536;0.781400928;1.212636519;1.852511461;1.908298816;1
0.588133777;1.464015536;0.38379601;0.982435535;0.143422087;0.403773448;1.261793136;1.846277574;1.688561206;1
1.115176722;1.359753633;0.653760434;1.470785364;0.621402902;0.972840753;0.664349907;1.316293452;1.904366989;2
1.372584455;1.609191726;0.363441254;1.734365102;0.67345686;0.987251502;0.81197163;1.764523019;1.639716537;2
1.274596265;1.273029063;0.257776716;0.424612169;0.23868659;0.407692489;1.340388337;1.885524049;1.828310226;3
1.217074671;0.762139939;0.961502135;1.249005666;0.255801788;0.890291867;0.977750404;1.778060818;1.712796404;2
0.787975996;0.782972454;0.3100572;1.009712892;0.161437634;0.399730031;1.318881344;1.890133804;1.834675033;1
1.189247406;1.444583593;0.729457216;1.389716371;0.308680299;0.926277383;1.119071742;1.816302721;1.826591211;2
1.052067351;1.522649059;0.691257632;1.623062742;0.342539998;0.672571077;1.159471108;1.866454121;1.732563606;2
1.625166986;1.796038911;0.500278235;1.569344842;0.068904039;0.727809271;0.686141511;1.784098327;1.432388021;2
1.000583977;1.452380023;0.299832792;0.253049103;0.235522816;0.697162246;1.286394354;1.679546928;1.26965783;3
1.093133092;1.464437507;0.221085967;0.25204407;0.208077582;0.666283799;2.004321374;1.512863947;1.200029299;3
1.289080987;1.391555001;0.179215584;0.99782579;0.232502768;0.63567953;1.630847906;1.720631009;1.302711169;0
0.166575121;1.285653821;0.441580731;0.827628271;0.128133894;0.779222017;1.947738957;1.656325808;1.369405584;1
0.963151895;1.465455635;0.418352814;1.236189232;0.283764394;0.423971512;1.32986649;1.844914537;1.713371537;0
1.568220625;1.58921716;0.146397663;1.433467803;0.411005002;0.718717422;1.369864907;1.75221839;1.287498255;2
1.147541296;1.518099889;0.470612018;0.7779183;0.244787384;0.276147619;1.291534554;1.771977257;1.354638528;0
1.115176722;1.359753633;0.160573472;1.018161815;0.336430683;0.347691504;1.349638169;0.925816931;1.75770948;0
0.642971936;1.136726002;0.136759239;0.347063657;0.256702731;0.475758049;1.17060999;1.804728436;1.42409808;1
1.115176722;1.359753633;0.214757358;1.087352928;0.397870543;0.503175905;0.836144532;1.200687546;1.847534976;0
0.536600368;1.373920081;0.427465655;0.770368066;0.094481661;0.680778929;1.226485193;1.820513138;1.616458203;1
0.81416611;1.029693642;0.36916076;0.365151674;0.062418481;0.609786277;1.478944264;1.754901286;1.708260551;1
0.726489395;0.897130205;0.059899162;0.624183255;0.287547569;0.253253162;1.047028584;1.737398886;1.564239038;1
1.115176722;1.359753633;0.740671571;1.73308515;0.35047774;1.381660211;1.425774141;0.835741735;1.750239556;2
0.889445477;0;0.117638015;0.528957316;0.206258104;0.471202707;1.661043647;1.581791036;0.899846612;1
1.115176722;1.359753633;0.662902237;1.719168631;0.475273165;1.35734637;1.06385831;1.160572596;1.821489;2
0.9041659;1.346141151;0.402380749;0.580757462;0.350818265;0.494261809;1.207088275;1.885283754;1.798778342;3
0.997732213;1.026806634;0.33530017;0.309882759;0.199701473;0.461469356;1.368476597;1.886886415;1.843172566;1
0.608408864;1.253283372;0.417814793;0.66319233;0.269084697;0.932058112;1.349076502;1.83758025;1.903373666;1
1.252581031;1.431084583;0.298256899;1.035781556;0.283834219;0.31629355;1.064091046;1.741570859;1.563779996;0
1.115176722;1.359753633;0.311592156;0.722888227;0.145384669;0.382783179;1.429307417;0.834492056;1.738689806;3
0.923679367;1.337287399;0.393256504;1.10658565;0.21882747;0.480592204;1.226935027;1.789577521;1.398589968;0
0.95255088;1.320913032;0.393018858;0.482218588;0.35042907;0.43822755;1.117462443;1.800608277;1.454919944;3
0.928205843;0.3650542;0.12006926;0.544157366;0.246534483;0.438590206;1.123124442;1.808261828;1.783045777;1
1.326913999;1.63117254;0.162476315;1.233311791;0.291835923;0.438460308;1.125771923;1.819109464;1.58326163;0
1.115176722;1.359753633;1.262048141;1.401170204;1.002132957;1.585821069;1.555722622;1.70674515;1.108188139;2
1.115176722;1.359753633;1.147667434;1.81808812;0.335466966;1.477960168;1.275668984;0.708552217;1.816020629;2
0.737183547;0.862937476;0.248406721;0.271786269;0.069824654;0.401344702;1.06619463;1.681554162;1.426252226;1
1.092515;1.260993384;0.217083767;0.832452485;0.217319457;0.585176657;1.0392491;1.777835908;1.352639881;3
0.691956315;1.144914059;0.336224838;0.843006899;0.30989064;0.461618915;1.064546649;1.686279626;1.438141184;1
0.692289615;1.42316515;0.285493321;0.866319384;0.074508178;0.828809649;1.478407398;1.800287916;1.744769329;1
1.115176722;1.359753633;0.507170414;1.271090296;1.265755952;1.652405264;1.169723623;1.723241233;1.515585439;2
0.750131007;1.232319346;0.409313099;0.41112391;0.168218532;0.769285244;1.436740516;1.809865228;1.659677809;1
1.405899936;1.33423126;0.428521992;0.814146474;0.378238613;0.681994512;0.926141935;1.77594047;1.570273482;0
1.115176722;1.359753633;0.558357107;1.009316376;0.575756523;1.04084853;1.163986451;0.906490485;1.82109038;2
0.926415621;1.483816609;0.310514822;0.589652683;0.292895273;0.362218127;1.364057655;1.792542384;1.472544475;3
1.115176722;1.359753633;0.767795074;1.694338372;0.18756755;1.328183731;0.700979042;1.262737233;1.854067029;2
1.261545791;1.260175033;0.233625736;0.238137435;0.21615172;0.446891067;1.097839202;1.795660261;1.455073408;3
1.115176722;1.359753633;0.757961553;1.665186426;0.392035102;1.28256149;1.045301217;1.192259859;1.831494413;2
0.467966949;0.943947225;0.136551803;0.817845448;0.198874099;0.715881614;0.925635182;1.814466779;1.523903156;1
1.115176722;1.359753633;0.507170414;1.154415899;0.153656626;0.099164016;1.226275287;1.856658905;1.75504121;0
1.193657812;1.224964119;0.428353077;1.367497436;0.196591593;0.983683144;1.039875608;1.828627931;1.602893086;2
0.617654695;1.254441441;0.303804963;0.938147994;0.6028565;0.588979706;0.896170034;1.74851694;1.599852296;1
1.115176722;1.359753633;0.444802147;1.837651899;0.315796719;1.511874648;1.101010599;1.41133311;1.979869308;2
0.939331968;0.937579547;0.257909114;0.912208868;0.206046398;0.26475045;1.228057477;1.791412821;1.479296379;1
1.149881129;1.545091168;0.107200143;0.199033215;0.093532974;0.550825126;1.197760548;1.781120715;1.402547825;3
1.272148123;1.358038541;0.239623676;0.912347467;0.18700367;0.579406602;1.33305686;1.816684793;1.595361459;0
1.115176722;1.359753633;0.706675271;1.726599357;0.363093278;1.370124803;0.640910186;1.262290584;1.853450647;2
1.115176722;1.359753633;0.754702141;1.673521407;0.341373363;1.295138418;1.065276387;1.165520886;1.822475768;2
1.115176722;1.359753633;0.784760638;1.732022662;0.362420358;1.384043172;0.65802946;1.275063517;1.855968029;2
1.115176722;1.359753633;0.782099966;1.652955946;0.343505721;1.265890133;1.152842017;1.458119344;2.004321374;2
1.162369337;0.782200287;0.93673328;1.201919245;0.050551862;0.768443251;0.877634235;1.745892017;1.617684416;2
0.527198662;1.098020872;0.316929718;0.569414292;0.107517964;0.789961955;0.960132826;1.809945947;1.506040125;1
1.28682791;1.184804625;0.304740198;0.757977008;0.082542303;0.304848803;0.845840907;1.797956763;1.53259916;3
1.502787353;1.626140922;0.140685082;1.469946117;0.291817401;0.727642451;0.946583128;1.773047574;1.387549533;2
1.235392445;1.503694552;0.108965042;0.435211295;0.174852651;0.696070883;0.911988283;1.727384096;1.442034593;3
1.206707531;1.283194599;0.439869315;0.788063154;0.428538142;0.800483574;1.164766936;1.823786148;1.583530964;0
0.714539644;1.080213085;0.363534238;0.606306747;0.228231455;0.724272927;1.581483602;1.84604591;1.77649385;1
0.844723899;1.125686317;0.170216253;0.814064084;0.243368184;0.595126847;1.372430222;1.763183523;1.72439632;1
1.313094234;1.544406484;0.506782777;1.355333277;0.268958905;0.717825106;1.194095825;1.780336948;1.420326055;2
0.810336377;1.100636075;0.23497175;0.796985744;0.245052091;0.569189033;1.234067716;1.794053581;1.775487339;1
1.047473918;1.292228714;0.669887086;1.381887324;0.355067085;0.970957603;0.696914376;1.734957092;1.570176298;2
1.58168248;1.79932188;0.485954921;1.529775769;0.212351762;0.568766029;1.162050471;1.815601876;1.585399653;2
0.598002056;0.959493767;0.473598156;1.441064065;0.266940203;0.829681461;1.207418055;1.852093207;1.749675596;0
1.45690647;1.66926662;0.355439679;1.752279301;0.720268605;0.882353357;1.260110642;1.787844143;1.784517266;2
1.322199587;1.334706091;0.590542014;1.319335968;0.318303747;0.674419128;0.788993153;1.748780622;1.614060164;2
1.182940967;1.551708392;0.447317207;0.774477269;0.173779257;0.208339572;1.430907335;1.880183499;1.810893441;0
1.275282649;1.505483432;0.174629976;1.685013478;0.578840322;0.849774988;1.137529258;1.865571628;1.917551074;2
0.884597362;1.222797505;0.114279698;1.262290397;0.271822125;0.486570866;1.293596966;1.899684656;1.874876392;0
1.129756188;1.483194022;0.219678723;0.425675119;0.195872617;0.553060846;1.141715326;1.869887604;1.768091195;3
0.77488788;1.257215489;0.443705474;0.499968936;0.176297605;0.564333524;0.991116633;1.870907849;1.728034299;1
0.752706695;0.827055835;0.156481362;0.846796677;0.25367453;0.668519641;0.790820863;1.827017115;1.562355892;1
1.115176722;1.359753633;0.507170414;1.154415899;0.256659907;0.275774345;1.290837994;1.895538212;1.88087577;0
1.047012296;1.445628007;0.262817836;0.115699883;0.201167572;0.659847234;1.194159797;1.847274132;1.831246918;3
0.703195903;0.71227686;0.120929133;0.729197118;0.248815112;0.581537508;1.473433104;1.856380781;1.761976419;1
1.115176722;1.359753633;0.507170414;1.154415899;0.223393783;0.460528429;1.583840015;1.837849523;1.775082888;0
0.771320298;1.142475368;0.374444528;1.394520087;0.358627908;0.509714248;1.293596966;1.899684656;1.874876392;0
1.010064368;1.040206224;0.42911311;0.866142115;0.409273212;0.276835592;1.500983139;1.800026744;1.82602688;3
0.932864766;1.126474101;0.272298446;1.344029008;0.305369951;0.348511813;1.255265019;1.896287309;1.853384983;0
0.850625591;1.09437968;0.440846914;1.209970705;0.211025252;0.291003028;1.499837456;1.868762816;1.819011816;0
0.776679112;1.19764639;0.41564625;1.188559333;0.117334058;0.456785242;1.446038758;1.880195614;1.83666169;0
1.236813164;1.345112739;0.0978008;0.471905039;0.163622035;0.578642956;1.245344511;1.857928215;1.746298116;3
1.115176722;1.359753633;0.507170414;1.154415899;0.173590401;0;1.170855917;1.869860756;1.778195007;0
0.440988846;1.342421091;0.430368365;1.124402969;0.215397189;0.624957442;1.004002773;1.81090736;1.544924608;1
1.162089996;1.167439368;0.237458318;0.600607446;0.289348462;0.551193764;1.283924334;1.810474385;1.595620161;3
1.19539239;1.337188579;0.238938926;0.640341944;0.077878432;0.258204814;1.31998501;1.757540376;1.628228435;3
0.368064786;1.260994884;0.577802029;0.855315012;0.248827332;0.368072868;1.427733309;1.79690756;1.802856819;1
1.108662991;1.246028534;0.295343245;0.357118341;0.255193071;0.154524099;1.423114569;1.879303804;1.807233796;3
1.115176722;1.359753633;0.507170414;1.415177248;1.232110652;1.606228446;1.458947566;1.821926478;1.843680035;2
1.125046416;1.028963589;0.365657998;0.543646538;0.031173544;0.500675326;0.915965447;1.847528426;1.65012228;3
1.0933244;0.699857721;0.200455269;0.394970652;0.107655494;0.824679572;1.363188188;1.844839266;1.910298452;1
0.593933333;1.293508838;0.460044684;0.612030456;0.075942143;0.652453928;1.058071497;1.887003473;1.790682997;1
0.704473139;1.00485147;0.37036436;0.879728619;0.303334753;0.382697888;1.097040641;1.741467488;1.571125763;1
1.054838494;1.253438979;0.863251019;1.29250839;0.363632067;0.442201738;1.128967777;1.859899303;1.925052444;0
1.25665489;1.209183722;0.291569176;1.419742183;0.332637846;1.063970197;1.326161899;1.772204487;1.314605214;2
0.863542771;0.353496297;0.368638517;1.384067343;0.309037613;0.806622716;1.209935366;1.780288057;1.406812917;1
1.359688572;1.961073428;0.293489973;0.911770326;0.349769473;0.42031881;0.720006632;1.823641407;1.541639863;0
0.896740303;1.213312558;0;0.987593204;0.062789171;0.650022619;0.952922138;1.807445442;1.502873607;3
1.143835992;1.332241888;0.468884855;1.555541822;0.540297325;0.621610501;1.134375163;1.769063629;1.454117302;2
0.83510111;1.077784554;0.320150362;0.842855603;0.123225817;0.739336789;1.309978563;1.723068081;1.11711966;1
1.373296846;0.733115236;0.325010842;0.610200989;0.207096552;0.431803586;1.221625494;1.808005875;1.632549627;3
1.291078356;1.656262998;0.03475448;1.251525374;0.279600645;0.44282522;1.220980421;1.822518845;1.677406204;0
1.16108635;1.412121282;0.606955374;0.760296147;0.368454647;0.632678114;1.086497755;1.79481465;1.457748676;0
1.140768252;1.566342133;0.12250537;0.567878395;0.096869736;0.616514353;1.309279497;1.803156735;1.485833986;3
1.005399539;1.251368287;0.343098163;0.420433759;0.351881804;0.232634929;1.105607833;1.798365924;1.471830909;3
1.1845172;1.32333824;0.259684522;0.67208914;0.081921946;0.258043783;1.109963057;1.788009904;1.647940922;3
0.5476851;1.145635891;0.354172175;0.428701621;0.079319181;0.81806043;1.085961088;1.817875932;1.543741951;1
1.096576778;1.548618212;0.147708937;0.562027262;0.13992182;0.552408714;1.175938937;1.782437617;1.337958518;3
1.487813124;1.416572669;0.959167438;1.253310587;0.307778979;0.528768242;1.393951522;1.724126373;1.61087619;2
1.545353995;1.507461733;0.957089647;1.272615435;0.366588177;0.543303382;1.03016924;1.738653372;1.603462451;2
1.184373207;1.481017617;0.45880996;0.8398665;0.19490787;0.341349408;1.543130921;1.723144699;1.166554445;0
1.512029218;1.984197275;0.186568621;0.418367641;0.368507819;0.340568214;1.438010974;1.811699464;1.612132331;3
1.115176722;1.359753633;0.507170414;1.154415899;0.08363028;0.47601602;0.963429362;1.816352255;1.548307065;0
0.682009488;1.10603592;0.33873728;0.855667317;0.307422668;0.474970097;1.213403238;1.732977559;1.535255397;1
0.82431002;0.975185177;0.255713671;0.900977347;0.171404136;0.769353268;1.217397949;1.784180202;1.427236503;1
0.605227378;0.769283099;0.211455648;0.678427317;0.219450721;0.570686602;1.200121865;1.781899446;1.41910976;1
0.847536613;1.370741282;0.264252226;0.865127579;0.171598747;0.780147697;1.30700432;1.739593462;1.44560971;3
1.42742904;1.951736019;0.179294501;0.607715065;0.228427994;0.447184266;1.097296169;1.798629751;1.471983003;0
0.897891159;1.48688854;0.368487629;0.5591388;0.263566029;0.788810907;1.071534401;1.762107439;1.543657976;3
0.898147292;1.454524922;0.361336327;0.536573976;0.244663002;0.749007912;1.072373697;1.762706192;1.544464931;3
1.193121423;1.340541115;0.371840958;1.103831548;0.099259123;0.506066435;1.197025903;1.792541651;1.778015935;0
0.560822716;0.407730674;0.134505428;0.850906512;0.089522055;0.980132597;1.052557103;1.764591277;1.68065708;1
0.888475448;1.324009438;0.471559218;0.038496239;0.224828226;0.441513926;1.043917493;1.790816694;1.480933248;3
1.115176722;1.359753633;0.194902773;0.920778365;0.257835163;0.164939704;0.924412612;1.429205744;1.964348785;0
1.390434233;1.530100676;0.297071336;1.470031897;0.265108003;0.792782867;0.938043099;1.81696023;1.537631806;2
1.041814676;0.919544763;0.737985629;1.035296444;0.113608794;0.57886873;1.01290031;1.732341427;1.537453208;0
1.163735833;1.543483553;0.082864034;0.026238079;0.149108471;0.507489169;1.200703267;1.886786347;1.81032563;3
1.037724404;1.579057374;0.206412446;0;0.076271835;0.364783091;1.109473346;1.798419021;1.469319816;3
1.132539929;1.16419582;0.305921023;0.650065732;0.178263386;0.729498314;1.15870789;1.71478267;1.552324921;3
1.537588399;1.504420019;0.984567882;1.332464155;0.247546341;0.710519953;1.111231898;1.814586869;1.805714225;2
1.115176722;1.359753633;0.507170414;1.154415899;0.358252071;0.428999196;1.212956939;1.829195765;1.64164317;0
1.243965861;1.319978159;0.179304743;0.447275893;0.230761895;0.550060899;1.101109718;1.798411037;1.475009207;3
0.973158889;1.563158794;0.389362983;0.39525472;0.173934548;0.4737633;1.325252864;1.838011792;1.686246265;3
1.115176722;1.359753633;0.289939283;0.920077732;0.293127601;0.236374719;1.44557531;0.121156762;1.713138261;0
1.342697024;1.381869509;0.522319632;0.452034637;0.290891621;0.654230952;1.384400751;1.761874663;1.369783299;3
1.115176722;1.359753633;0.507170414;1.778432224;1.244146203;1.055862062;0.812415583;1.458175348;1.736277069;2
0.968965052;1.480566433;0.28538811;0.79976664;0.213173421;0.602345536;1.012204677;1.790891285;1.40788059;3
1.343907869;1.149499404;0.322353142;1.380900383;0.294788476;1.066630252;0.991044445;1.782973906;1.715083445;2
1.115176722;1.359753633;0.507170414;1.902643481;0.899942227;0.939143936;0.953845122;1.816071242;1.773245794;2
1.115176722;1.359753633;0.256474434;0.85109897;0.219197275;0.234587458;0.83874164;1.240537661;1.851827758;0
1.116921608;1.09275978;0.296693801;0.682711628;0.255643788;0.447135661;1.193951109;1.79030786;1.439221445;3
1.537226525;1.495952367;0.961255938;1.27853966;0.351023139;0.558230707;1.352705954;1.687411461;1.477113326;2
1.115176722;1.359753633;0.507170414;1.919821773;0.887275647;0.881812008;2.00346657;1.48269647;1.294413645;2
1.432078222;1.554834507;0.62141914;1.172517947;0.499181313;0.613127609;1.170342123;1.825877856;1.595742625;2
0.861594531;1.16832639;0.391898637;0.663575097;0.218975843;0.595929372;1.169368555;1.826048378;1.596690401;1
1.495909766;1.425289263;0.939183584;1.200848175;0.262576275;0.311851174;0.95625523;1.775983986;1.71480401;0
1.4792026;1.402692782;0.960382086;1.253834452;0.300666865;0.549025852;1.127291993;1.770175021;1.685116785;2
1.357314608;1.209846899;0.985223149;1.304146421;0.282975843;0.837188765;1.212164133;1.74663147;1.658055923;2
1.115176722;1.359753633;0.336682276;1.182157057;0.485011788;0.548503182;1.073567967;1.187829863;1.845648767;0
1.115176722;1.359753633;0.507170414;1.886581199;0.936154509;1.035413992;0.97328587;1.742630439;1.59730671;2
0.829112171;1.404099453;0.332414436;0.7553663;0.166523322;0.757915755;0.99128159;1.761831749;1.565642267;3
1.115176722;1.359753633;0.507170414;1.718281024;1.099955068;1.397296235;0.574037192;1.777896533;1.668139234;2
1.372365309;1.533025981;0.323285146;1.476545082;0.233983678;0.790497331;1.244148159;1.810378973;1.563400175;2
1.02011084;1.229126222;0.250158565;0.772875655;0.446045422;0.217642991;0.718074842;1.733525998;1.610824259;3
0.378385165;0.840669734;0.169543745;0.804186368;0.145650985;0.698734387;1.285301361;1.868117508;1.771648638;1
1.118118893;1.428816396;0.252318818;0.721269138;0.112474713;0.70027878;1.15667944;1.763402046;1.405648978;3
0.656722475;1.144971299;0.378173866;0.53886447;0.174991447;0.908604998;1.217633177;1.854469595;1.914122689;1
1.252632483;0.987422417;0.16883577;0.413433522;0.028777057;0.353339304;1.266257807;1.848263954;1.698178374;3
1.316544674;1.56580209;0.358231782;1.718390056;0.638302988;0.952552208;0.824433958;1.766919707;1.650464453;2
1.094690585;1.18651991;0.313335882;0.509908773;0.222582196;0.201012638;1.344117084;1.887339153;1.835302442;3
1.173470168;1.09265024;0.973999823;1.386108436;0.167969475;0.94072297;0.977750404;1.778060818;1.712796404;2
0.911835715;1.144532337;0.450114255;1.209405318;0.170914854;0.231575094;1.322798542;1.891929783;1.841566325;0
1.115176722;1.359753633;0.507170414;1.895931133;0.902067798;0.964062173;1.130908101;1.826631491;1.825250892;2
1.606341632;1.816767803;0.521034718;1.551009249;0.190092508;0.601124509;0.702713066;1.786389664;1.449583402;2
1.020538167;1.514180408;0.675915547;1.614993163;0.300614948;0.605307271;1.165114253;1.868350524;1.741263323;2
1.04623857;0.641267638;0.374972885;0.771767664;0.12052329;0.340856805;1.632762213;1.723281806;1.325733675;1
0.202869759;1.313661066;0.458743449;0.844468503;0.152863733;0.766503534;1.947738957;1.656325808;1.369405584;1
1.130483819;1.282611885;0.532445337;1.361967487;0.176238553;0.834185924;1.333686276;1.846907147;1.722460243;2
1.507274973;1.643895055;0.156880184;1.473301042;0.320128252;0.681560377;1.373349951;1.754683758;1.311319398;2
0.564476985;1.393155439;0.426980807;0.705927935;0.152279946;0.646100557;1.231325904;1.822620631;1.62778976;1
1.165825639;1.556294863;0.433616975;0.731698953;0.162797168;0.283959538;1.291534554;1.771977257;1.354638528;3
1.115176722;1.359753633;0.507170414;1.154415899;0.186454924;0.3763818;1.172196438;1.801157008;1.456207124;0
0.65660026;1.280404259;0.32899946;0.978261729;0.596565195;0.640721518;1.352731706;1.839606717;1.909263512;1
1.356385073;1.626437479;0.670136218;1.354208826;0.367042973;0.60806662;1.071109026;1.74409724;1.57655157;2
1.321694474;1.273386111;0.242642772;1.372056437;0.246494637;1.032116214;1.071213504;1.793312099;1.486929803;2
0.918498256;1.2475973;0.450226714;1.15482861;0.122531644;0.282530102;1.194810639;1.785980853;1.424997315;0
1.115176722;1.359753633;0.54108777;1.806372901;0.090620792;1.472950029;1.426166508;1.275000062;1.929124246;2
1.568167091;1.556179328;0.217459576;1.40580898;0.408290157;0.805574369;1.094546996;1.79605916;1.473099283;2
1.282519992;1.954027842;0.38542269;0.838121869;0.355009456;0.44716367;1.203142777;1.785082691;1.418626086;0
0.85797114;1.255495018;0.311380232;0.802880503;0.036620884;0.702278215;1.66282964;1.585436212;0.95585755;3
1.115176722;1.359753633;0.750611578;1.693250542;0.254849332;1.32478647;1.070880021;1.170122024;1.828591006;2
1.113200865;0.994586529;0.380764947;0.59527637;0.060215997;0.470341724;1.207088275;1.885283754;1.798778342;3
1.035406214;0.481167328;0.369641233;0.784915274;0.146414017;0.367181322;1.371972755;1.888695846;1.849931364;1
1.189173585;1.080166056;0.119789199;0.307606979;0.150313651;0.512651477;1.167251832;1.810183473;1.475128166;3
1.555221369;1.546476828;1.017948239;1.407796501;0.052588274;0.880534217;1.309177672;1.775303584;1.800945707;2
0.888406648;1.509328966;0.386812948;0.633108479;0.273068652;0.823831974;1.085422074;1.712835711;1.409505726;3
1.115176722;1.359753633;0.507170414;1.154415899;0.206795728;0.198631359;0.982128395;1.766020676;1.385544381;0
0;0.975135513;0.259724138;0.587682537;0.144067866;0.170802403;0.919490376;1.708313718;1.494611687;1
0.975212921;1.243998368;0.450206899;0.546651096;0.297383801;0.40201986;1.041515528;1.831824345;1.676635775;3
1.113957048;1.513621536;0.249433401;0.362896795;0.287813401;0.753616566;1.108246124;1.788295155;1.649229093;3
1.170708778;1.061273063;0.631380231;1.430564917;0.332649016;0.82360039;1.3664982;1.6792982;1.471629624;2
1.14360218;1.169907971;0.284671575;0.338705168;0.150547742;0.318566847;1.111765471;1.747679363;1.295426391;3
0.835113543;1.471418261;0.390227321;0.628599232;0.217819079;0.790235217;1.478407398;1.800287916;1.744769329;3
1.342938613;1.96505044;0.354866959;0.916196844;0.398018464;0.403020795;1.104603007;1.799492365;1.469349839;0
1.203946743;1.341131774;0.196001428;0.374220716;0.309878015;0.77587145;1.164562328;1.712809468;1.532473862;3
1.115176722;1.359753633;0.303716393;0.723784756;0.130051651;0.379762479;1.357730784;1.277183665;1.942353669;3
1.271977619;1.475308788;0.086980341;0.48316317;0.058294278;0.633673196;1.052162562;1.780634161;1.64375709;3
0.168409726;0.978715481;0.281527952;0.557829055;0.110109781;0.696512775;1.234538311;1.863646127;1.756174287;1
1.444505965;1.916932021;0.284768856;0.572006135;0.184549043;0.719726053;0.961947092;1.81134083;1.503058608;0
1.115176722;1.359753633;0.617467849;1.224808428;0.377315027;1.191704399;1.169571601;0.923485354;1.828198854;2
0.422844753;1.0268339;0.334232469;0.747687477;0.237109873;0.318675506;1.342896947;1.735945549;1.576560614;1
1.095556787;1.352424437;0.342493744;0.978659131;0.173438253;0.333087153;0.935259296;1.816603745;1.537883372;0
0.726493909;0.890749953;0.357995813;1.108744107;0.18427267;0.595106351;1.228057477;1.791412821;1.479296379;1
1.255732311;1.50738022;0.513795039;1.391297842;0.294460664;0.588454536;1.27073059;1.86636713;1.783371071;2
1.185300872;1.492245426;0.489816433;1.484756447;0.464574287;0.396121857;1.047292594;1.830696504;1.614579372;2
0.543229471;1.156269675;0.223104702;0.741510773;0.608671481;0.320529846;0.896170034;1.74851694;1.599852296;1
0.835277309;1.326293631;0.102068431;0.811833227;0.09122366;0.524212941;0.893592213;1.806712368;1.455799805;3
1.115176722;1.359753633;0.445047602;1.834240267;0.307409109;1.507586867;1.107460859;1.416719581;1.984813351;2
1.058619287;1.63581743;0.53107888;1.021046109;0.041512824;0.333001306;1.33305686;1.816684793;1.595361459;0
1.115176722;1.359753633;0.980674532;1.485377205;0.222293929;0.982288702;1.379676733;1.862496167;1.719936527;2
1.138398203;1.107294829;0.963861164;1.398043516;0.13735775;0.924857914;0.877634235;1.745892017;1.617684416;2
1.115176722;1.359753633;0.507170414;1.154415899;0.169320173;0.503637277;0.962705648;1.806417343;1.532794387;0
0.882220554;1.092562388;0.344029505;0.779085066;0.189764499;0.672588675;0.857380577;1.800176321;1.546306557;1
0.568933307;1.330986228;0.449697864;1.061906755;0.377217095;0.514148304;0.933852036;1.776860646;1.712845624;1
1.374374725;1.562942909;0.407605774;1.363423769;0.189180082;0.923557287;1.093624556;1.803549364;1.486499206;2
2.004321374;1.682986578;0.867692408;1.694534449;0.63863245;1.309954151;1.113562742;1.760225095;1.6757375;2
0.930187735;1.318711275;0.445156878;1.051162711;0.244973775;0.51945835;1.02857861;1.841268727;1.760517701;0
1.443214046;1.969392201;0.084054933;0.61427304;0.326014202;0.33380736;0.953259442;1.766463353;1.453110236;0
1.539727453;1.375379044;0.629388461;1.176699834;0.592696362;0.811656771;1.333717955;1.712755243;1.39944203;2
0.822674851;1.011860844;0.640854318;1.091817893;0.191221329;0.527502729;1.263567928;1.672539985;1.399721641;0
1.115176722;1.359753633;0.712054708;1.351417547;0.441095174;1.276157887;0.736880933;1.06336976;1.855266153;2
1.115176722;1.359753633;0.507170414;1.771498853;1.057633066;1.320833015;0.882774172;1.744221401;1.530305026;2
1.70929499;1.739440759;0.767625703;1.880510118;0.934641562;0.549281307;0.188443092;1.742177743;1.582277376;2
1.448725194;1.969828652;0.507170414;1.154415899;0.400624849;1.911490391;1.099821523;1.777937923;1.638457131;2
1.115176722;1.359753633;0.264593938;1.129410436;0.435920498;0.510408431;1.628296203;1.178391406;1.924698029;0
0.132911375;0.933919858;0.3102301;0.617877659;0.265202613;0.87929196;1.163801408;1.872516694;1.772019801;1
1.504868212;1.264595177;0.507170414;1.154415899;0.400624849;2.004321374;1.350743061;1.803903895;1.756276361;2
1.115176722;1.359753633;1.507636745;1.154415899;1.528536973;0.792431216;0.793415989;1.798122791;1.715717099;2
1.115176722;1.359753633;0.507170414;1.154415899;0.400624849;0.792431216;1.045239036;1.777609339;1.512246888;0
1.115176722;1.359753633;0.115921198;1.053168474;0.359230402;0.470152688;1.241640932;1.243679132;1.870284201;0
1.115176722;1.359753633;0.335240086;1.219679067;0.508906417;0.340212323;0.681757319;1.322987497;1.91024347;0
1.115176722;1.359753633;0.507170414;1.154415899;0.400624849;0.792431216;1.13640965;1.782149271;1.351565086;0
1.115176722;1.359753633;0.70826105;1.729748131;0.365975724;1.374702941;1.383115004;0.769254755;1.727207832;2
1.115176722;1.359753633;0.585106693;1.416194708;0.684413526;0.86148416;1.383634624;0.743265367;1.705772696;2
1.115176722;1.359753633;0.507170414;2.004321374;0.55966265;1.003145851;1.505913141;1.615831944;1.247324452;2
1.115176722;1.359753633;0.651761066;1.71981497;0.499560643;1.358052466;0.403029186;1.239038948;1.836036093;2
1.115176722;1.359753633;0.744425708;1.681364198;0.342282533;1.306222638;1.052626892;1.201144172;1.838435957;2
1.115176722;1.359753633;1.513096119;1.154415899;1.533557542;0.792431216;0.457889788;1.770891257;1.648001349;2
1.115176722;1.359753633;2.004321374;1.154415899;2.004321374;0.792431216;0.445369988;1.733223735;1.531182055;2
1.115176722;1.359753633;0.592356013;1.749803448;0.39475299;1.398399281;0.07036039;1.171625131;1.823613252;2
1.115176722;1.359753633;0.645157415;1.75243994;0.315132313;1.403416515;0;1.155352067;1.820900554;2
1.115176722;1.359753633;0.801735201;1.634800968;0.378613449;1.239190952;0.916325677;1.027211315;1.787419645;2
1.115176722;1.359753633;0.368425922;1.250007435;0.534526804;0.387203373;0.821778951;1.449761239;1.98787296;0
1.115176722;1.359753633;0.507170414;1.154415899;0.400624849;0.792431216;1.328654333;2.004321374;1.788292349;0
