latitud;longitud;precio_numero;num_banos;num_habitaciones;m2;anio_construccion;Parqueadero;Parque;Avenidas_principales;Colegios;Armario;Balcon;Patio;Bodega;Seguridad;OBJECTID;CODPAR;distancia_minima_TRANSITO;distancia_minima_SEGURIDAD;distancia_minima_SALUD;distancia_minima_FINANZAS;distancia_minima_ENTRETENIMIENTO;distancia_minima_EDUCACION
-1.055710693;-80.45312498;112000;4;3;135;2023;1;1;1;1;0;0;0;0;0;629;5795;0.511486799;0.822888654;0.165569407;0.023634493;0.233444136;0.372826043
-1.033712067;-80.46431399;164500;3;3;230;2012;1;1;1;1;0;0;1;1;0;627;5280;0.519294738;0.755737108;0.345318966;0.559951292;0.303991842;0.143230878
-1.037089097;-80.46750629;93000;3;3;93;2017;1;1;1;1;1;0;1;1;1;626;6770;0.239970916;0.594069742;0.262528651;0.425071112;0.141829796;0.121278914
-1.062069858;-80.47756363;89000;2;3;90;2024;0;0;1;0;0;0;0;0;0;632;5030;0.344102543;0.452743615;0.873365075;1.023397596;0.315424854;0.605068623
-1.05106134;-80.45669825;116500;3;4;93;2017;1;1;1;1;1;0;1;1;0;626;6770;0.330505486;0.241859552;0.292290764;0.065684445;0.135184641;0.159078157
-1.040848632;-80.47172795;160000;3;3;93;2010;0;1;1;1;1;1;1;0;1;626;6770;0.115372232;0.258577854;0.10357979;0.214134713;0.20328691;0.298841826
-1.020517915;-80.46313972;63000;2;2;75;2023;1;1;1;1;0;0;0;0;0;627;5280;0.710090612;0.474296828;0.738316765;0.914835818;0.225750565;0.235365892
-1.061712321;-80.46862899;74000;3;3;120;2009;1;1;1;1;0;0;1;1;0;632;5030;0.238726026;0.293712698;0.126337423;0.230584175;0.176326383;0.220640863
-1.024477199;-80.47712843;84990;3;3;97;2023;1;0;1;1;1;0;1;0;0;626;6770;0.065007231;0.223209549;0.462998419;1.152999186;0.259875998;0.387205417
-1.06157287;-80.46870409;85000;5;3;105;2009;1;1;1;1;0;0;1;1;0;632;5030;0.230217755;0.2881764;0.1358992;0.226285269;0.174369616;0.21906443
-1.052025254;-80.48321611;39850;2;4;110;2017;0;1;1;1;0;0;1;0;1;632;5030;0.465466981;0.215014505;2.024243321;0.952126179;0.095643463;0.524565258
-1.05477867;-80.45261965;83000;5;5;93;2001;1;1;1;1;1;1;0;1;0;626;6770;0.109682756;0.083634453;0.341875406;0.058665606;0.225362696;0.586581272
-1.054606649;-80.45276303;92000;3;4;93;2004;1;1;1;1;1;1;1;1;0;626;6770;0.09264045;0.095666637;0.318814877;0.04759104;0.201542547;0.563720232
-1.033945232;-80.46667605;230000;5;6;93;2012;1;1;1;1;1;1;1;1;0;626;6770;0.201234472;0.268627787;0.335789267;0.604415074;0.100532753;0.158371399
-1.03322024;-80.47349143;100000;4;3;138;2024;1;1;0;0;0;0;1;0;0;626;6770;0.532148223;0.978644448;0.204573974;0.739681827;0.075929765;0.243306073
-1.053384503;-80.44990876;35000;1;2;80;2022;0;1;0;0;0;0;0;0;0;630;6775;1.090249579;2.431464831;0.0309695;0.049012228;0.457074186;0.158032856
-1.021870626;-80.47307094;150000;4;4;200;2019;0;1;0;0;0;0;0;0;0;626;6770;0.60028522;0.399391214;0.273639261;1.065253972;0.27245894;0.807686161
-1.035096163;-80.4646914;83000;2;2;98;2024;0;1;0;0;0;1;0;0;0;626;6770;0.1830516;0.285030777;0.561956351;0.541657066;0.182381785;0.175284062
-1.035107874;-80.46480072;105000;2;3;112;2024;0;1;0;0;0;0;0;0;0;626;6770;0.184925439;0.286476059;0.555388202;0.545281671;0.1825326;0.163065267
-1.054293989;-80.46032084;148014.6347;6;5;300;2002;0;1;0;0;0;0;0;0;0;626;6770;0.016685448;0.497287361;0.463033392;0.260669295;0.086639901;0.352156547
-1.055554173;-80.45215691;76000;2;3;93;2015;1;1;1;1;1;1;1;0;0;629;5795;0.600085572;0.801776896;0.111525663;0.044312236;0.139950468;0.33876371
-1.030304143;-80.47007432;88000;4;3;103;2023;1;1;0;0;1;0;1;0;1;626;6770;0.384563402;0.645244856;0.262302675;0.546901872;0.305095917;0.424200534
-1.055989596;-80.451977;48000;1;2;93;2006;1;1;1;1;1;0;0;0;0;629;5795;0.584928703;0.749687544;0.059672112;0.09620233;0.10210727;0.286502641
-1.030653203;-80.46989032;93000;4;3;126;2023;1;1;0;0;1;1;0;0;1;626;6770;0.340709983;0.612089333;0.230706266;0.542416106;0.273477603;0.39362855
-1.070661814;-80.44743452;75000;2;3;93;2017;1;1;1;1;1;0;1;1;1;632;5030;0.46543668;0.263346013;0.472720228;0.201543363;0.310495741;0.194781309
-1.056049621;-80.45290217;260000;4;4;93;2000;1;1;1;1;1;0;1;1;0;629;5795;0.501761787;0.778405067;0.125692261;0.030206061;0.202621136;0.327766629
-1.055527387;-80.45416316;350000;7;6;93;2008;1;1;1;1;1;1;1;1;0;626;6770;0.11751436;0.272392443;0.279159973;0.231592168;0.1551602;0.496459187
-1.053166574;-80.45064101;48000;1;2;93;2006;1;1;1;1;1;0;1;0;0;627;5280;0.216305314;0.094391526;0.020485803;0.127052327;0.223278398;0.069599273
-1.056924201;-80.45136906;250000;6;6;93;2020;1;1;1;1;1;0;1;1;0;629;5795;0.589862128;0.632099462;0.072048145;0.05666776;0.084533089;0.169713761
-1.057199629;-80.45386801;39000;1;3;93;2017;1;1;1;1;0;0;0;0;0;629;5795;0.336493936;0.719843089;0.234540386;0.044180881;0.210428515;0.329614103
-1.053812011;-80.44945572;45000;1;3;93;2009;1;1;1;1;0;0;1;0;0;630;6775;1.035327764;2.362526942;0.038318101;0.022375823;0.388561189;0.096388864
-1.057502104;-80.45301769;86000;2;3;93;2023;1;1;1;1;1;1;1;1;0;629;5795;0.39691778;0.640076986;0.168050135;0.05617595;0.110550295;0.22984646
-1.057759552;-80.45363997;50000;2;2;56;2021;1;1;1;1;1;0;1;0;0;629;5795;0.322380289;0.654635625;0.240301104;0.051075263;0.16894815;0.284311582
-1.038288678;-80.46194239;260000;3;4;120;2016;1;1;1;1;0;0;0;0;0;626;6770;0.536265365;0.710407933;0.799105181;0.173605097;0.227898019;0.197014972
-1.053458019;-80.45238469;48500;1;3;93;2023;1;1;1;1;1;0;1;1;0;626;6770;0.187824775;0.082446345;0.326102491;0.090557644;0.131310304;0.551530842
-1.04848106;-80.46583998;260000;4;5;93;2000;1;1;1;1;1;0;1;1;0;626;6770;0.415851126;0.813359831;0.425619021;0.173674089;0.169775258;0.113255308
-1.053468746;-80.45464848;46500;2;3;72;2009;1;1;1;1;1;0;1;0;0;626;6770;0.046890981;0.297562485;0.076385473;0.151683349;0.064874234;0.320366895
-1.034897998;-80.45858814;148014.6347;7;6;93;2006;1;1;1;1;1;1;1;1;0;627;5280;0.491550656;1.084582892;0.803633192;0.930809706;0.202126654;0.186764243
-1.034897998;-80.45858814;78000;3;3;98;2013;1;1;1;1;0;0;0;0;0;627;5280;0.491550656;1.084582892;0.803633192;0.930809706;0.202126654;0.186764243
-1.053059343;-80.46018351;114000;4;5;93;1982;1;1;1;1;0;1;0;0;0;626;6770;0.151878257;0.635332372;0.376573459;0.125344516;0.17053363;0.220622523
-1.047805256;-80.46645152;185000;4;4;93;2022;1;1;1;1;0;0;1;1;1;626;6770;0.429400447;0.712303003;0.391152404;0.20801822;0.163495306;0.141107392
-1.04866422;-80.47104748;185000;6;8;93;2020;1;1;1;1;0;0;0;0;1;626;6770;0.818231801;0.664483018;0.516920864;0.173508165;0.314988518;0.387900681
-1.049189044;-80.46457398;350000;6;13;600;2017;0;1;1;1;0;1;0;0;0;626;6770;0.392788247;0.964204582;0.264578683;0.065228237;0.143277369;0.123938385
-1.036099431;-80.46250417;400000;6;8;596;2017;0;1;1;1;0;0;0;0;0;627;5280;0.192978294;1.051988022;0.646176757;0.846288849;0.200353975;0.327009185
-1.035208497;-80.46444141;125000;4;3;189;2017;0;1;1;1;0;1;0;0;1;626;6770;0.197139161;0.29906793;0.589347756;0.519806921;0.200009458;0.201812531
-1.036775163;-80.46735561;93000;4;3;125;1995;1;1;1;1;0;0;0;0;0;626;6770;0.261428727;0.55556574;0.299743889;0.458986487;0.164914498;0.14840082
-1.041504381;-80.470792;95000;4;4;232;2016;1;1;1;1;0;0;1;0;1;626;6770;0.021637003;0.144368004;0.167885465;0.251911023;0.085467359;0.274896543
-1.048974503;-80.46487438;1190000;8;8;93;2012;1;1;1;1;0;1;0;0;1;626;6770;0.388024563;0.924198408;0.305588849;0.072970077;0.140692687;0.152458822
-1.011526576;-80.46644204;220000;5;5;93;2019;1;0;1;1;0;1;1;0;1;626;6770;1.47175425;1.554602141;0.584512518;1.625450709;0.037169177;0.33901081
-1.063516167;-80.45739305;150000;3;4;93;2017;1;1;1;1;1;1;1;1;0;632;5030;0.155013101;0.409340459;0.23318874;0.353931025;0.710326729;0.235932234
-1.039680742;-80.47316005;250000;4;4;93;2022;1;1;1;1;0;1;1;0;1;626;6770;0.318990074;0.46026331;0.232220287;0.281597929;0.191319528;0.185247834
-1.015753076;-80.46502584;115000;3;3;93;2022;1;1;1;1;0;0;1;0;1;627;5280;0.441696066;0.329188569;0.359815839;1.440157899;0.229768835;0.232543586
-1.04613683;-80.45883142;270000;4;4;93;2010;1;1;0;1;0;0;0;0;1;626;6770;0.467139884;0.67968444;0.303818667;0.375759076;0.095240544;0.261260502
-1.047435464;-80.45764979;180000;4;7;346;2017;0;1;1;1;0;0;0;1;0;626;6770;0.618907428;0.484584038;0.248226339;0.229913563;0.120280576;0.135094034
-1.063468322;-80.44577358;93000;3;3;93;2023;0;1;1;1;0;0;1;1;1;632;5030;0.481384888;0.569491594;0.350106278;0.494967137;0.163227636;0.099439775
-1.0195699;-80.46191446;78000;3;3;93;2017;1;0;1;1;0;0;1;0;1;627;5280;0.578393951;0.356235876;0.856290625;1.043901353;0.301499235;0.396085083
-1.050122525;-80.45254826;85000;3;3;93;2023;1;1;1;0;0;0;1;0;1;627;5280;0.027485197;0.351769151;0.365203619;0.185258048;0.101781499;0.105971868
-1.04108975;-80.48538478;68000;2;3;140;2010;1;1;1;1;0;0;1;1;1;626;6770;0.415790511;0.362931559;0.789390041;1.028787802;0.236139247;0.07946103
-1.05286018;-80.4573865;145000;3;4;93;2010;1;1;1;1;0;0;1;0;1;626;6770;0.269219862;0.404516517;0.235512823;0.084412506;0.337269868;0.056737089
-1.05284719;-80.45055269;90000;3;3;110;2022;1;0;1;1;0;0;0;0;1;627;5280;0.179467766;0.107768654;0.020099113;0.100416607;0.214837904;0.077408279
-1.054391881;-80.45527338;65000;2;3;180;2023;1;1;0;1;0;0;0;0;1;626;6770;0.079781671;0.35932565;0.121966104;0.150217869;0.16380809;0.319895093
-1.053916264;-80.45649072;68000;2;3;126;2022;1;1;1;1;1;0;0;1;1;626;6770;0.163986054;0.43132598;0.147962572;0.013252357;0.239852882;0.195752157
-1.054748612;-80.47385037;85000;6;7;93;2003;1;1;1;1;0;0;1;0;1;632;5030;0.30254918;0.198116427;0.957957259;0.34960036;0.035577759;0.221525777
-1.079018148;-80.45266097;135000;4;3;93;2014;1;1;1;1;0;0;0;0;1;632;5030;1.401424993;0.538844182;1.543549387;1.258800989;1.33036186;0.515239573
-1.052482554;-80.48498166;155000;4;4;93;2018;1;1;1;1;0;0;1;0;1;632;5030;0.601769848;0.207618067;1.99070369;0.778477022;0.224956875;0.513451517
-1.035684954;-80.46940812;70000;2;3;147;2007;1;1;1;1;0;0;1;0;1;626;6770;0.051960528;0.628489048;0.350368649;0.419543066;0.097287723;0.124835465
-1.051077297;-80.48866147;88000;3;3;90;2000;1;1;1;1;0;0;1;0;1;632;5030;1.038848425;0.629140765;1.933222584;0.752700317;0.269438095;0.186627996
-1.040078091;-80.47302092;74000;2;3;120;2022;1;1;1;1;0;0;0;0;1;626;6770;0.282516508;0.417676774;0.185632597;0.277876875;0.232140178;0.211983462
-1.02833317;-80.46313494;95000;3;4;108;1988;1;1;1;1;0;0;0;0;0;627;5280;0.12312024;0.221981757;0.135939718;0.123510189;0.250532552;0.54384963
-1.0462262;-80.45713732;290000;10;10;93;2003;1;1;1;1;0;1;1;0;0;626;6770;0.655710893;0.556843314;0.122345467;0.372732116;0.151239615;0.25326588
-1.054520606;-80.45580982;450000;12;9;654;1980;1;1;1;1;0;0;0;0;0;626;6770;0.13667298;0.420056971;0.146955579;0.110146093;0.150566959;0.292595493
-1.050831183;-80.45199784;199000;2;3;390;2017;1;1;1;1;0;0;0;0;0;627;5280;0.07140776;0.258908137;0.281297849;0.123160686;0.074416261;0.044577727
-1.056071861;-80.45504397;130000;3;3;135;2017;1;1;1;1;0;0;0;0;0;626;6770;0.206796833;0.386193314;0.310140107;0.275523008;0.058925809;0.48371331
-1.049092501;-80.46478855;380000;5;4;766;2017;0;1;1;1;0;0;0;0;0;626;6770;0.39441433;0.940355238;0.290453385;0.072248059;0.135138812;0.144663157
-1.036845932;-80.47735887;95000;3;3;130;2017;0;1;1;1;0;0;0;0;0;626;6770;0.882250449;1.016632666;0.361278355;0.790432534;0.372692253;0.151284924
-1.03346458;-80.46495444;83000;2;2;98;2017;0;1;1;1;0;0;0;0;0;626;6770;0.031893857;0.106939852;0.413132517;0.537894854;0.006003579;0.247509923
-1.038160199;-80.47138005;85000;2;3;84;2024;1;1;1;1;0;0;0;0;0;626;6770;0.356150627;0.520483725;0.262848807;0.144202253;0.262635055;0.262877183
-1.044835175;-80.4740023;160000;3;4;93;2010;1;1;1;1;0;0;1;0;1;626;6770;0.529656083;0.467975079;0.4080682;0.230177713;0.375605579;0.354305408
-1.012885595;-80.46542213;160000;6;5;643;2017;0;1;1;1;0;0;0;0;0;627;5280;0.489696981;0.533223656;0.061688626;1.761339464;0.439258041;0.215670385
-1.053535851;-80.45187445;69000;2;3;105;2017;1;1;1;1;0;0;0;0;0;627;5280;0.318187935;0.064539708;0.147257588;0.045937203;0.171089033;0.206466201
-1.035227672;-80.46154946;78000;3;3;105;2017;0;1;1;1;0;1;0;0;0;627;5280;0.284234541;0.992758229;0.60389663;0.785295053;0.08350368;0.283173287
-1.027603726;-80.46532362;230000;3;6;527;2017;0;1;1;1;0;0;0;0;0;626;6770;0.654162394;0.116638628;0.125870583;0.008217066;0.107398461;0.151137575
-1.059789995;-80.44598706;179000;8;11;560;2017;0;1;1;1;0;0;0;0;0;629;5795;1.136449236;0.545775573;0.748759974;0.589787801;0.692307159;0.398536622
-1.034443435;-80.46647662;100000;2;3;93;2023;1;0;0;1;1;0;1;0;0;626;6770;0.229422704;0.288887915;0.395436144;0.654221;0.143660498;0.099006872
-1.053683898;-80.45469402;240000;7;5;125000;2017;1;0;0;1;0;0;1;1;0;626;6770;0.043928154;0.297646074;0.081268833;0.17581693;0.086899948;0.325821416
-1.055035502;-80.45462965;265000;4;4;315;2022;1;0;0;1;0;0;0;0;0;626;6770;0.084898353;0.304004012;0.20785178;0.248154273;0.13390526;0.421106644
-1.063089766;-80.45754266;77000;2;2;93;2017;0;1;1;0;0;1;0;0;0;632;5030;0.11646273;0.405696554;0.225988914;0.31463224;0.745744809;0.192045613
-1.05353372;-80.45469402;66999;2;3;80;2023;1;1;0;0;0;0;1;0;0;626;6770;0.04109295;0.300824589;0.073769873;0.160289255;0.073638048;0.318603014
-1.051757695;-80.45741458;250000;3;3;93;2017;1;1;1;1;1;1;1;1;0;626;6770;0.328283882;0.342430908;0.289513935;0.045059448;0.21782183;0.067627508
-1.055148774;-80.45009798;108000;6;6;323;2017;0;1;1;1;1;0;0;1;0;630;6775;1.105196876;2.333540354;0.13808516;0.090525357;0.346947162;0.105245674
-1.064474761;-80.44547662;69000;2;3;120;2019;0;1;1;1;0;0;0;0;0;632;5030;0.448111539;0.464203006;0.261599264;0.45114174;0.129101954;0.132773518
-1.04806478;-80.46715416;320000;5;4;562;2013;0;1;1;1;0;0;0;0;1;626;6770;0.512094603;0.692120916;0.435693964;0.252093581;0.130472195;0.121735927
-1.054704045;-80.46037799;350000;20;22;93;1988;0;1;1;1;1;1;1;1;0;626;6770;0.033722373;0.451367849;0.418278635;0.256836123;0.092601511;0.375331851
-1.057526927;-80.47108781;45000;2;2;56;2020;1;1;1;1;0;0;1;0;1;632;5030;0.238881423;0.461691348;0.615613652;0.459858583;0.262388441;0.106347357
-1.056643943;-80.45374726;80000;3;3;93;2021;0;0;1;1;0;0;1;0;1;629;5795;0.388393497;0.763739799;0.208938234;0.080920799;0.231292585;0.348740639
-1.054520606;-80.4554665;165000;2;3;93;2018;0;1;1;1;1;0;0;1;1;626;6770;0.103845347;0.382123434;0.137257915;0.13904181;0.147268941;0.315867185
-1.057586732;-80.45483695;92000;3;3;93;2022;1;1;1;1;0;0;1;0;1;629;5795;0.229138113;0.755919005;0.35044749;0.152446867;0.202343712;0.418052803
-1.052503925;-80.45465111;93000;3;3;93;2020;1;1;1;1;1;0;1;0;1;626;6770;0.124397064;0.218906921;0.11477662;0.066055032;0.073535856;0.295683292
-1.037762444;-80.47034779;93000;3;3;93;2023;1;1;1;1;1;1;1;0;1;626;6770;0.305251736;0.55217049;0.181118692;0.168312346;0.158188824;0.146440081
-1.051665151;-80.48400341;37000;2;3;75;2024;0;1;1;1;0;0;0;0;0;632;5030;0.558086547;0.248390481;2.117135241;0.918608488;0.095259254;0.59819297
-1.052112393;-80.4518294;88000;3;3;93;2022;1;1;1;1;0;0;0;0;0;627;5280;0.208811022;0.116522899;0.161304787;0.022529003;0.054671584;0.173114928
-1.053514535;-80.46043447;134000;3;5;93;2017;1;1;1;1;0;1;1;0;0;626;6770;0.098923623;0.583154139;0.412489477;0.182940695;0.113550386;0.264577885
-1.051302498;-80.4547584;350000;5;5;93;1997;0;1;1;1;0;0;1;0;0;626;6770;0.251530139;0.087300725;0.230067423;0.121597568;0.200583369;0.212570284
-1.03403203;-80.48125334;72000;2;3;90;2023;1;1;1;1;0;0;0;0;1;626;6770;0.810768202;0.739385377;0.212944297;1.311988532;0.18956372;0.460165466
-1.059925606;-80.46535624;189000;5;6;242;2017;1;1;1;1;0;0;0;0;0;632;5030;0.556420743;0.169558276;0.311507208;0.126058964;0.241895046;0.27477509
-1.060537045;-80.46670808;128000;3;3;190;2017;0;1;1;1;0;0;0;0;0;632;5030;0.420658549;0.090296863;0.159507978;0.058267064;0.077313576;0.409598448
-1.054741613;-80.47272619;53000;2;3;95;2017;0;1;1;1;0;0;0;0;0;632;5030;0.182987893;0.294738273;0.833008488;0.242431508;0.077832254;0.144490596
-1.033254633;-80.47591515;118000;4;4;120;2017;0;1;1;1;0;0;0;0;0;626;6770;0.782857767;1.057719781;0.089357737;0.885412661;0.324679744;0.028906783
-1.05629619;-80.45499974;250000;4;3;570;2017;0;1;1;1;0;0;0;0;0;626;6770;0.229907687;0.392809128;0.335451874;0.27728315;0.076854719;0.507652232
-1.039035761;-80.47425309;95000;4;4;232;2017;1;1;1;1;0;0;0;0;0;626;6770;0.459850623;0.596706573;0.35697434;0.399530154;0.054713297;0.064880145
-0.858587573;-80.53091107;235000;8;8;481;2017;0;1;1;1;0;0;0;0;0;331;770;0.424804133;0.542910322;0.859177678;2.459442997;0.256100483;1.836547904
-0.858721668;-80.53336261;135000;3;2;185;2017;0;1;1;1;0;0;0;0;0;331;770;0.424804133;0.542910322;0.817172156;2.317224235;0.40091404;1.684860575
-1.041899815;-80.47063779;295000;4;3;509;2017;0;1;1;1;0;0;0;0;0;626;6770;0.067982468;0.097208063;0.188106357;0.267687888;0.038286681;0.230987263
-1.05712217;-80.45606189;73500;2;3;120;2017;1;1;1;1;0;0;0;0;0;626;6770;0.264302568;0.425234791;0.433540206;0.173031735;0.154278221;0.463062586
-1.057347437;-80.45591169;75000;2;3;120;2017;0;1;1;1;0;0;0;0;0;626;6770;0.283091653;0.429184812;0.455411392;0.199076292;0.172701951;0.460612457
-1.037859778;-80.47581956;250000;4;4;320;2017;0;1;1;1;0;0;0;0;0;626;6770;0.67735045;0.813437632;0.415525505;0.593290254;0.167907581;0.118727528
-0.8610442;-80.53368447;240000;7;5;210;2017;0;1;1;1;0;0;0;0;0;331;770;0.424804133;0.542910322;1.074582541;2.070116323;0.293363247;1.440775317
-1.049221225;-80.46478855;1190000;8;8;723;2017;0;1;1;1;0;0;0;0;0;626;6770;0.406910346;0.951173696;0.283063865;0.082166534;0.124032499;0.147843947
-1.057572705;-80.45688801;95000;2;3;162;2017;0;1;1;1;0;0;0;0;0;626;6770;0.182795439;0.320619934;0.355237166;0.13710761;0.192879674;0.36119629
-1.056386495;-80.45288895;85000;3;3;100;2017;1;1;1;1;0;0;0;0;0;629;5795;0.477995835;0.74360879;0.113941895;0.055632158;0.193719773;0.29727992
-1.063662733;-80.44626388;93000;3;3;125;2017;1;1;1;1;0;0;0;0;0;632;5030;0.426059769;0.544369073;0.316352957;0.441711757;0.209706007;0.042701886
-1.039373304;-80.47457223;70000;2;3;120;2017;1;1;1;1;0;0;0;0;0;626;6770;0.471596313;0.598858267;0.352473749;0.434593301;0.084197667;0.024902932
-1.058142076;-80.47208246;45000;2;2;56;2017;1;1;1;1;0;0;0;0;0;632;5030;0.326084143;0.394343063;0.648245379;0.54138825;0.259481681;0.139511258
-1.053447292;-80.4498956;80000;1;2;286;2017;1;1;1;1;0;0;0;0;0;630;6775;1.087975202;2.426024565;0.025282231;0.042680528;0.450734022;0.151125747
-1.046443246;-80.47194599;130000;4;4;200;2017;0;1;1;1;0;0;0;0;0;626;6770;0.584887078;0.449216251;0.541766994;0.330853309;0.310228324;0.340556437
-1.059861244;-80.46606435;112000;2;3;185;2017;0;1;1;1;0;0;0;0;0;632;5030;0.513509268;0.090577658;0.262237583;0.122314229;0.175488011;0.3531251
-1.055320032;-80.45566493;75000;3;3;100;2017;0;1;1;1;0;0;0;0;0;626;6770;0.16868221;0.423144472;0.228458182;0.192403443;0.060361912;0.376724646
-1.055792021;-80.45746737;80000;2;3;250;2017;0;1;1;1;0;0;0;0;0;626;6770;0.174124547;0.411471414;0.36659615;0.066896066;0.128746745;0.382461081
-1.009541251;-80.46631433;91900;2;3;100;2017;1;1;1;1;0;0;0;0;0;626;6770;1.561598225;1.773695165;0.796334252;1.701175723;0.195362859;0.356452629
-1.050079388;-80.4651426;1190000;8;8;703;2017;0;1;1;1;0;0;0;0;0;626;6770;0.509639553;1.002210654;0.288478934;0.18260865;0.042306304;0.205792477
-1.057298291;-80.45401548;265000;4;4;315;2017;0;1;1;1;0;0;0;0;0;629;5795;0.31688755;0.720723207;0.253656929;0.058392602;0.221693419;0.340342524
-1.055509158;-80.47694591;150000;6;7;310;2017;0;1;1;1;0;0;0;0;0;632;5030;0.31310278;0.227311327;1.258645645;0.700287208;0.055877862;0.05478028
-1.056507896;-80.45552479;55000;2;4;105;2017;1;1;1;1;0;0;0;0;0;626;6770;0.270258149;0.455445871;0.357947377;0.218039061;0.073839384;0.502351787
-1.063544982;-80.45419022;80000;3;3;100;2017;0;1;1;1;0;0;0;0;0;632;5030;0.257362295;0.189283984;0.209548969;0.4268685;0.409425396;0.405475289
-1.054173081;-80.47517236;180000;3;5;527;2017;0;1;1;1;0;0;0;0;0;632;5030;0.381497985;0.216909191;1.107653654;0.470441051;0.083653914;0.205615748
-1.0622012;-80.47077134;85000;5;3;105;2009;0;1;1;1;0;0;1;1;0;632;5030;0.064593971;0.512760203;0.368105851;0.456841784;0.224737547;0.040196386
-1.031860111;-80.48097916;112000;4;3;135;2023;0;1;1;1;0;0;0;0;0;626;6770;0.876984123;0.54050092;0.139360741;1.410194539;0.379915088;0.314307687
-1.062372832;-80.47079279;74000;3;3;120;2009;0;1;1;1;0;0;1;1;0;632;5030;0.083702986;0.5251683;0.373599515;0.468235342;0.205810177;0.03480537
-1.062177128;-80.47761727;89000;2;3;90;2024;0;0;1;0;0;0;0;0;0;632;5030;0.351613335;0.445398101;0.861645387;1.011013705;0.328175366;0.610957577
-1.011787679;-80.46805576;102000;3;4;120;2023;0;1;1;1;0;0;1;0;0;626;6770;1.291649594;1.527098343;0.510378039;1.44409355;0.153664866;0.195548875
-1.065048931;-80.45432197;84990;3;3;97;2023;0;0;1;1;1;0;1;0;0;632;5030;0.212367651;0.357078048;0.334261251;0.56341966;0.329479722;0.512259927
-1.0065195;-80.46557623;98000;4;3;115;2024;0;0;1;1;1;0;1;0;0;627;5280;0.998147457;1.160746493;0.348749357;2.468699142;1.091581976;0.450687575
-1.020593005;-80.46251745;63000;2;2;75;2023;0;0;1;1;0;0;0;0;0;627;5280;0.701394054;0.471154619;0.736447258;0.918041994;0.293006068;0.302702731
-1.049127667;-80.466823;260000;4;5;93;2000;0;1;1;1;1;0;1;1;0;626;6770;0.545702188;0.812927812;0.426748674;0.286057361;0.130080856;0.01764981
-1.035228417;-80.4747028;88500;1;3;93;2023;0;1;1;1;1;0;1;1;0;626;6770;0.614947397;0.963708088;0.120186119;0.633007438;0.150005943;0.21072305
-1.056490353;-80.45540542;79000;2;4;84;2013;0;1;1;1;1;1;1;0;0;626;6770;0.26347596;0.442771545;0.355371635;0.231305311;0.073055581;0.505958541
-1.021489607;-80.48013266;105000;2;3;93;2024;0;1;1;1;1;1;1;1;0;626;6770;0.232958133;0.409736429;0.084126912;0.752787899;0.209834536;0.16240072
-1.054434789;-80.45424341;50000;2;2;56;2021;0;1;1;1;1;0;1;0;0;626;6770;0.039979323;0.246039348;0.173760357;0.193904234;0.155600214;0.411577059
-1.050337066;-80.45336365;48000;1;2;93;2006;0;1;1;1;1;0;0;0;0;627;5280;0.108878004;0.371610223;0.35358058;0.173117583;0.112015685;0.186422068
-1.053169001;-80.45767664;39000;1;3;93;2017;0;1;1;1;0;0;0;0;0;626;6770;0.293494416;0.451307317;0.263113377;0.123514841;0.377166835;0.099299759
-1.054306065;-80.45529484;86000;2;3;93;2023;0;1;1;1;1;1;1;1;0;626;6770;0.081171256;0.361033873;0.112361564;0.144071111;0.172855303;0.311498176
-1.051281044;-80.45106768;76000;2;3;93;2015;0;1;1;1;1;1;1;0;0;627;5280;0.109231741;0.207907193;0.19452111;0.091995863;0.120046595;0.106701234
-1.054778054;-80.4530847;83000;5;5;93;2001;0;1;1;1;1;1;0;1;0;626;6770;0.058985672;0.134746953;0.297592945;0.08598344;0.209809998;0.5411395
-1.054284611;-80.45544504;350000;7;6;93;2008;0;1;1;1;1;1;1;1;0;626;6770;0.092644548;0.377584152;0.110926699;0.127852018;0.173592403;0.298012727
-1.055834929;-80.45654469;105000;2;3;93;2024;0;1;1;1;1;1;1;1;0;626;6770;0.248351415;0.47051887;0.313778977;0.127773868;0.113656112;0.395980305
-0.878327641;-80.54282356;160000;10;9;93;2013;0;1;1;1;1;1;0;1;0;331;770;0.424804133;0.542910322;0.528108214;0.100994569;0.246088472;0.189672935
-1.052718466;-80.45626043;250000;6;6;93;2020;0;1;1;1;1;0;1;1;0;626;6770;0.16165382;0.305754033;0.123311536;0.069057058;0.225435405;0.123086018
-1.021500335;-80.47833021;99000;2;3;93;2024;0;1;1;1;1;0;1;1;0;626;6770;0.324832979;0.224428537;0.139889644;0.79629766;0.389741802;0.267651553
-1.034101233;-80.4666536;230000;5;6;93;2012;0;1;1;1;1;1;1;1;0;626;6770;0.210176681;0.277179154;0.352719589;0.620773795;0.108296675;0.141091018
-1.052997369;-80.45892119;230000;4;5;93;2012;0;1;1;1;1;1;1;1;0;626;6770;0.228774264;0.554133881;0.371710875;0.138232099;0.281623826;0.193143345
-1.055376861;-80.47076584;63000;5;5;93;2001;0;1;1;1;1;0;0;1;0;632;5030;0.047895808;0.477119383;0.617319431;0.22242046;0.1842245;0.172197391
-1.053018823;-80.45514464;260000;4;4;93;2000;0;1;1;1;1;0;1;1;0;626;6770;0.059078664;0.282918504;0.036058039;0.143981303;0.098629982;0.251396845
-1.132271408;-80.40367818;195000;5;5;93;2003;0;1;1;1;1;0;1;1;0;633;5265;0.424804133;0.542910322;0.52987343;0.739661485;4.309630634;3.27345244
-1.056936675;-80.47171531;148014.6347;7;6;93;2006;0;1;1;1;1;1;1;1;0;632;5030;0.185988572;0.375700508;0.710902466;0.40179771;0.284523512;0.048138055
-1.054263157;-80.45411467;45000;1;3;93;2009;0;1;1;1;0;0;1;0;0;626;6770;0.05012684;0.229784528;0.171267667;0.178649034;0.137429918;0.413390154
-1.052525639;-80.45657926;92000;3;4;93;2004;0;1;1;1;1;1;1;1;0;626;6770;0.203021592;0.31302494;0.164738064;0.08137115;0.264261548;0.083027798
-1.051881758;-80.45495152;48000;1;2;93;2006;0;1;1;1;1;0;1;0;0;626;6770;0.18524058;0.154997564;0.16229393;0.097205126;0.149698823;0.267090898
-1.03242821;-80.46391039;260000;3;4;120;2016;0;1;1;1;0;0;0;0;0;627;5280;0.583431176;0.619651379;0.209755771;0.418191736;0.260802307;0.124582986
-1.04513801;-80.01480994;43000;2;3;100;2016;0;1;1;1;1;0;1;0;0;334;3625;0.424804133;0.542910322;0.52987343;0.585057014;0.377608629;0.389525669
-1.052782828;-80.45611023;48500;1;3;93;2023;0;1;1;1;1;0;1;1;0;626;6770;0.143889163;0.301787578;0.10535992;0.073400425;0.2078708;0.141213213
-1.05115232;-80.45314907;46500;2;3;72;2009;0;1;1;1;1;0;1;0;0;627;5280;0.12579254;0.284899282;0.342738604;0.081274849;0.047819967;0.17382509
-1.054413335;-80.45398592;74000;3;3;92;2021;0;1;1;1;1;0;1;0;0;626;6770;0.049924944;0.217370232;0.192935952;0.165182318;0.156156564;0.434299414
-1.033651196;-80.46756871;83000;2;2;98;2024;0;1;1;1;0;1;0;0;0;626;6770;0.096895216;0.340688785;0.277350354;0.604151185;0.009006231;0.234953362
-1.022579948;-80.47625018;450000;5;4;5410;1994;0;1;1;1;0;0;0;0;0;626;6770;0.283747338;0.039170214;0.267089789;1.002205499;0.244769422;0.447189861
-1.021936321;-80.47526313;150000;4;4;200;2019;0;1;1;1;0;0;0;0;0;626;6770;0.407491001;0.163138194;0.163770134;1.002762526;0.233270105;0.566298321
-1.053383491;-80.45390056;35000;1;2;80;2022;0;1;1;1;0;0;0;0;0;626;6770;0.123627367;0.221201201;0.157377074;0.122874246;0.05543655;0.39552342
-1.035646434;-80.4652719;105000;2;3;112;2024;0;1;1;1;0;0;0;0;0;626;6770;0.253283146;0.351683917;0.553872707;0.516921351;0.245572695;0.115583712
-1.022103443;-80.47070664;100000;4;3;138;2024;0;1;0;0;0;0;1;0;0;626;6770;0.82614569;0.657039589;0.52066311;0.848626567;0.463038973;0.754179525
-1.031028402;-80.47753018;148014.6347;6;5;300;2002;0;1;0;0;0;0;0;0;0;626;6770;0.703687212;0.776414291;0.313686337;1.190254598;0.53192682;0.120102078
-1.046963474;-80.45584734;270000;4;4;93;2010;0;1;0;1;0;0;0;0;1;626;6770;0.736881027;0.421260217;0.131615729;0.3510725;0.097421319;0.21853986
-1.026823376;-80.46658676;93000;4;3;126;2023;0;1;0;0;1;1;0;0;1;626;6770;0.748684139;0.174167491;0.267874673;0.159304755;0.15373979;0.082995317
-1.024248868;-80.46577137;88000;4;3;103;2023;0;1;0;0;1;0;1;0;1;626;6770;1.030459636;0.14555024;0.501955243;0.368184127;0.100392077;0.382247784
-1.05295441;-80.45162604;180000;4;4;609;2000;0;1;0;0;0;0;0;0;0;627;5280;0.25116861;0.022579436;0.106332258;0.093780283;0.125540982;0.18161743
-1.061836373;-80.47853396;220000;3;2;4000;2020;0;1;1;1;0;0;0;0;0;632;5030;0.449800729;0.534416491;0.90889039;0.964607056;0.326327805;0.685899011
-1.054477698;-80.45512318;92562;3;3;145;2016;0;1;1;1;0;0;0;0;0;626;6770;0.065992233;0.343658722;0.133117945;0.169416565;0.158260573;0.338484879
-1.050862757;-80.4888975;130000;3;3;93;2022;0;1;1;1;0;0;0;0;1;632;5030;1.0725106;0.663804469;1.945768559;0.773452855;0.30081295;0.194921112
-1.054627876;-80.45405029;100000;4;3;120;2010;0;1;1;1;0;0;0;0;0;626;6770;0.05053591;0.229122421;0.204111274;0.176223715;0.17855688;0.441436158
-1.052611196;-80.45304178;120000;3;3;110;2015;0;1;1;1;0;0;0;0;0;626;6770;0.233388875;0.200691673;0.263771844;0.051227854;0.056209432;0.432376235
-1.05183885;-80.4549086;77000;3;3;120;1997;0;1;1;1;0;1;1;0;1;626;6770;0.190373424;0.14918289;0.168134247;0.094726891;0.151470377;0.266229951
-1.052675558;-80.45430779;95000;3;3;120;2012;0;1;1;1;0;0;0;0;0;626;6770;0.12799123;0.239894609;0.13135808;0.05576241;0.040411761;0.335281386
-1.052875218;-80.46077969;114000;4;5;93;1982;0;1;1;1;0;1;0;0;0;626;6770;0.174572762;0.654009032;0.332443234;0.149414784;0.161196245;0.191353428
-1.055164319;-80.48603299;155000;4;4;93;2018;0;1;1;1;0;0;1;0;1;632;5030;0.660639591;0.291183665;1.68069801;0.487892705;0.20135197;0.497089425
-1.122753774;-80.40909095;91000;1;4;93;2017;0;1;1;1;0;0;0;0;1;633;5265;0.424804133;0.542910322;0.52987343;1.956075888;3.163427188;2.078926111
-1.04690451;-80.46421595;250000;4;4;93;2022;0;1;1;1;0;1;1;0;1;626;6770;0.164965116;0.825838038;0.351020343;0.102976896;0.106670324;0.231745475
-1.057086489;-80.4519029;220000;5;5;93;2019;0;0;1;1;0;1;1;0;1;629;5795;0.528471142;0.630771845;0.063534841;0.056520694;0.100038785;0.170720575
-1.052911552;-80.45132517;120000;4;3;340;2019;0;0;1;1;0;0;0;0;0;627;5280;0.225870905;0.027922853;0.073281668;0.093637149;0.145287062;0.15046876
-1.05263265;-80.4512608;85000;3;3;93;2023;0;1;1;0;0;0;1;0;1;627;5280;0.197380567;0.058067885;0.076452189;0.061957668;0.133595449;0.15599097
-1.055014801;-80.4731514;75000;3;3;97;2013;0;1;1;0;0;0;0;0;0;632;5030;0.220549742;0.238570314;0.880240819;0.298411661;0.11699746;0.192248714
-1.04911694;-80.46676936;185000;4;4;93;2022;0;1;1;1;0;0;1;1;1;626;6770;0.540345636;0.814787773;0.430486801;0.279977093;0.132093233;0.011955422
-1.054885324;-80.45445799;75000;3;3;90;2020;0;1;1;1;0;0;0;0;0;626;6770;0.068940377;0.280589168;0.20071371;0.227590559;0.159261086;0.423536815
-1.057580544;-80.47608197;85000;6;7;93;2003;0;1;1;1;0;0;1;0;1;632;5030;0.113421734;0.202939247;1.060908898;0.731047303;0.112176914;0.274279393
-1.052675558;-80.45304178;90000;4;3;130;2021;0;1;1;1;0;0;0;0;0;626;6770;0.226493749;0.194744279;0.261796273;0.055181211;0.052075509;0.438147113
-1.058474555;-80.43979772;105000;2;3;93;2023;0;1;1;1;0;0;1;0;1;630;6775;0.436365418;1.221514199;0.594149563;0.467083115;0.392549369;0.312594311
-1.048419683;-80.46687665;1190000;8;8;93;2012;0;1;1;1;0;1;0;0;1;626;6770;0.504470184;0.741860984;0.466345383;0.281760734;0.149771785;0.073642008
-1.052997369;-80.45505881;250000;6;3;570;2018;0;1;1;1;0;0;1;1;1;626;6770;0.060773711;0.278638948;0.043610906;0.135130093;0.089171207;0.259870555
-1.053512266;-80.45306324;65000;2;3;140;2009;0;1;1;1;0;0;0;0;1;626;6770;0.138241195;0.131163757;0.251320215;0.103844079;0.077521743;0.488959725
-1.052911552;-80.45055269;120000;4;4;139;2016;0;1;1;1;0;0;0;0;0;627;5280;0.186329598;0.106104185;0.015375805;0.106351332;0.217841977;0.072862411
-1.052868644;-80.45679688;220000;5;4;700;1995;0;1;1;1;0;0;0;0;0;626;6770;0.206821421;0.357232948;0.171628837;0.050090772;0.282911344;0.080360736
-1.051409769;-80.45115351;73500;3;3;120;2020;0;1;1;1;0;0;0;0;0;627;5280;0.119348186;0.191912736;0.183180459;0.078206699;0.10748053;0.112376007
-1.056254361;-80.45544831;150000;5;5;316;2000;0;1;1;1;0;0;1;0;1;626;6770;0.241021854;0.435514338;0.32932496;0.228102148;0.046384765;0.480170682
-1.053640939;-80.45360015;62000;3;3;105;2019;0;1;1;1;0;0;0;0;0;626;6770;0.110613434;0.18013043;0.194301811;0.139767363;0.081653282;0.436127974
-1.011927132;-80.46791629;93000;3;3;93;2023;0;1;1;1;0;0;1;1;1;626;6770;1.301948895;1.524758719;0.496823022;1.455782085;0.174911727;0.217464859
-1.047187016;-80.45024185;78000;3;3;93;2017;0;0;1;1;0;0;1;0;1;627;5280;0.315950259;0.329336875;0.278722593;0.308799847;0.41265854;0.018857373
-1.054477698;-80.45387863;75000;3;3;100;2021;0;0;1;1;0;0;0;0;0;626;6770;0.036019321;0.206836224;0.206681748;0.154264222;0.165807132;0.44820845
-0.876290132;-80.54085928;68000;2;4;93;2023;0;1;1;0;0;0;1;1;1;331;770;0.424804133;0.542910322;0.271998698;0.213214196;0.149085772;0.128025061
-1.056567408;-80.45207832;115000;3;3;93;2022;0;1;1;1;0;0;1;0;1;629;5795;0.539257874;0.691696565;0.023611102;0.051895193;0.116810508;0.231008703
-1.051474131;-80.45113205;68000;2;3;126;2022;0;1;1;1;1;0;0;1;1;627;5280;0.117920806;0.185390651;0.175638788;0.070838681;0.108819055;0.11969719
-1.051184568;-80.48994893;43000;2;2;48;2008;0;1;1;1;0;0;1;1;1;632;5030;1.1672038;0.751916081;1.872831169;0.735588336;0.333544961;0.147981585
-1.052611196;-80.45299887;56000;3;3;105;2017;0;1;1;1;0;0;0;0;0;627;5280;0.263938366;0.176688251;0.262214112;0.096603836;0.036989456;0.269771151
-0.878258027;-80.54294225;449000;9;9;93;2020;0;1;0;1;0;0;0;0;1;331;770;0.424804133;0.542910322;0.525583415;0.094579996;0.242850777;0.190224428
-1.047011766;-80.46895409;185000;6;8;93;2020;0;1;1;1;0;0;0;0;1;626;6770;0.666350159;0.501246133;0.44312851;0.149256313;0.179423563;0.124857619
-0.996141784;-80.41668244;140000;3;3;93;2020;0;0;1;0;0;0;0;0;1;333;3185;0.424804133;0.542910322;0.52987343;2.73529691;4.096467764;0.74800894
-1.037658737;-80.46818503;70000;2;3;147;2007;0;1;1;1;0;0;1;0;1;626;6770;0.229452543;0.613307985;0.165248037;0.327189778;0.11543515;0.136651161
-1.05791836;-80.45135718;55000;1;5;93;2022;0;1;1;1;0;0;0;1;1;629;5795;0.554113749;0.524557401;0.16612596;0.13142099;0.086367178;0.061253513
-0.875982935;-80.5418534;135000;3;2;93;2020;0;1;1;1;0;0;0;0;1;331;770;0.424804133;0.542910322;0.24648737;0.180700412;0.045526523;0.097527694
-1.037664638;-80.47607907;135000;4;3;93;2014;0;1;1;1;0;0;0;0;1;626;6770;0.713419519;0.849418001;0.401597895;0.62692405;0.203799455;0.118712895
-1.05486387;-80.4553163;145000;3;4;93;2010;0;1;1;1;0;0;1;0;1;626;6770;0.106118714;0.372116191;0.174367995;0.176059236;0.111351929;0.355966705
-1.04808935;-80.48815075;88000;3;3;90;2000;0;1;1;1;0;0;1;0;1;632;5030;1.166789342;0.809198813;2.263633652;1.089597516;0.090136545;0.51294134
-0.871800021;-80.54016348;280000;4;7;93;2012;0;0;1;1;0;0;0;0;1;331;770;0.424804133;0.542910322;0.256748767;0.681698416;0.539485941;0.049231742
-0.870791627;-80.54009911;220000;2;2;155;2017;0;1;1;1;0;0;0;0;1;331;770;0.424804133;0.542910322;0.36293425;0.789898219;0.645559291;0.161568712
-1.058756914;-80.45086487;85000;3;3;93;2022;0;1;1;1;0;0;0;0;1;629;5795;0.593420772;0.421046388;0.273199209;0.212771153;0.166755014;0.049408012
-1.051023596;-80.4532349;90000;3;3;110;2022;0;0;1;1;0;0;0;0;1;627;5280;0.12283081;0.30199021;0.358968042;0.098468626;0.054878013;0.178041446
-1.04308568;-80.47764845;95000;4;4;232;2016;0;1;1;1;0;0;1;0;1;626;6770;0.786746783;0.811448222;0.617627397;0.56664742;0.298438088;0.28162988
-1.052439563;-80.45117497;65000;2;3;180;2023;0;1;0;1;0;0;0;0;1;627;5280;0.17511453;0.081555085;0.082609588;0.038562396;0.133876216;0.159699478
-1.04235624;-80.48116751;74000;2;3;120;2022;0;1;1;1;0;0;0;0;1;626;6770;0.849647834;0.823046178;0.744267234;0.881981262;0.102539722;0.297891009
-1.042914047;-80.47739096;160000;3;3;93;2010;0;1;1;1;1;1;1;0;1;626;6770;0.754330834;0.782120325;0.585003392;0.539446617;0.264099151;0.247545104
-1.069424252;-80.44557401;75000;2;3;93;2017;0;1;1;1;1;0;1;1;1;632;5030;0.496001754;0.129143565;0.352377756;0.226539703;0.22979734;0.378068463
-1.035877047;-80.46997708;164500;3;3;230;2012;0;1;1;1;0;0;1;1;0;626;6770;0.111338445;0.693128623;0.341326806;0.381957684;0.101952317;0.119359693
-0.867624647;-80.53700227;58000;2;2;93;2017;0;0;1;0;0;1;1;0;0;331;770;0.424804133;0.542910322;0.835985628;1.250829311;0.786282313;0.624801745
-1.007773225;-80.46372054;100000;2;2;200;2021;0;0;1;0;0;0;1;0;0;627;5280;0.785548066;0.972504816;0.315049829;2.3250717;0.916864533;0.648153349
-1.04872811;-80.45813469;116500;3;4;93;2017;0;1;1;1;1;0;1;1;0;626;6770;0.622602205;0.442697097;0.1967838;0.079653497;0.185627423;0.121051997
-1.053254909;-80.48472407;39850;2;4;110;2017;0;1;1;1;0;0;1;0;1;632;5030;0.542739832;0.129123059;1.937822053;0.73619824;0.20270376;0.50499115
-1.032299582;-80.46591647;93000;3;3;93;2017;0;1;1;1;1;0;1;1;1;626;6770;0.188771325;0.135993897;0.251708776;0.409054472;0.116401688;0.117629614
-1.060714386;-80.47894891;85000;2;3;93;2017;0;1;1;1;1;0;1;0;0;632;5030;0.507740135;0.662330644;1.039449338;1.031697242;0.259921272;0.554433683
-1.034737145;-80.48808423;68000;2;3;140;2010;0;1;1;1;0;0;1;1;1;626;6770;0.364484823;0.794865465;0.932344976;1.79127471;0.300392251;0.279341931
-1.01204148;-80.46676391;91900;2;3;105;2024;0;1;0;0;0;0;0;0;1;626;6770;1.42196414;1.501091709;0.517869138;1.578671624;0.048162801;0.326362347
-1.057609516;-80.45373801;99900;6;5;170;2007;0;1;0;0;0;0;0;0;0;629;5795;0.321372109;0.674522045;0.240440841;0.041892398;0.182543869;0.299538052
-1.057062439;-80.45322303;280000;24;22;650;1980;0;1;1;1;1;1;1;1;0;629;5795;0.402732063;0.693812816;0.162000708;0.041712222;0.156716517;0.274359308
-1.045990134;-80.45723485;290000;10;10;93;2003;0;1;1;1;0;1;1;0;0;626;6770;0.644435905;0.584970133;0.125736599;0.397036566;0.179621278;0.251109592
-1.054661547;-80.46037989;350000;20;22;93;1988;0;1;1;1;1;1;1;1;0;626;6770;0.029021578;0.456070748;0.422998736;0.256617595;0.090151908;0.375839435
-1.032830554;-80.47096413;109000;4;4;93;2017;0;1;1;1;1;0;1;0;0;626;6770;0.293083945;0.695466374;0.388857447;0.713741312;0.232092179;0.128247313
-1.017641054;-80.46820157;160000;6;5;246;2013;0;1;1;1;0;0;0;0;0;626;6770;1.244614916;0.928308073;0.099658728;1.144868966;0.392528652;0.318206152
-1.048526953;-80.46630802;320000;5;4;562;2013;0;1;1;1;0;0;0;0;1;626;6770;0.459309593;0.786471275;0.468319231;0.224963946;0.191637325;0.071823453
-0.874353187;-80.54032441;200000;7;6;186;2015;0;1;1;1;0;0;0;0;0;331;770;0.424804133;0.542910322;0.11068183;0.41779858;0.292854845;0.096743403
-1.052997369;-80.45608877;390000;3;3;800;1985;0;1;1;1;0;0;0;0;0;626;6770;0.129173836;0.320563737;0.092366764;0.060731885;0.203621437;0.153016003
-0.87386235;-80.53978727;90000;3;4;193;2017;0;0;1;1;0;0;0;0;0;331;770;0.424804133;0.542910322;0.156292696;0.496184279;0.373709199;0.167375417
-1.05371754;-80.46095389;134000;3;5;93;2017;0;1;1;1;0;1;1;0;0;626;6770;0.096510904;0.561266711;0.402034615;0.220465329;0.065595164;0.285956097
-1.051860304;-80.45334219;240000;7;5;93;2017;0;1;1;1;1;0;1;0;1;627;5280;0.201821991;0.248204556;0.322309447;0.064848118;0.043903355;0.232678632
-1.05273992;-80.44990896;88000;3;3;93;2022;0;1;1;1;0;0;0;0;0;627;5280;0.161055088;0.180097747;0.039662257;0.147149766;0.236215568;0.064677747
-0.860441766;-80.53038595;89000;8;9;367;2017;0;1;1;1;0;0;0;0;0;331;770;0.424804133;0.542910322;1.072723099;2.318123232;0.310345214;1.706894122
-1.053083185;-80.45136809;450000;12;9;654;1980;0;1;1;1;0;0;0;0;0;627;5280;0.244028919;0.013474866;0.078370874;0.111078189;0.155061298;0.150716852
-0.859090085;-80.53414104;150000;4;4;200;2017;0;1;1;1;0;0;0;0;0;331;770;0.424804133;0.542910322;0.858716826;2.243881856;0.493284822;1.610293994
-1.053040277;-80.45859932;165000;2;3;93;2018;0;1;1;1;1;0;0;1;1;626;6770;0.253172266;0.525826986;0.366418449;0.129716893;0.310776273;0.162607069
-1.051189927;-80.45670565;250000;3;3;93;2017;0;1;1;1;1;1;1;1;0;626;6770;0.319130134;0.246489141;0.280690978;0.052790511;0.149153779;0.145884355
-1.067599965;-80.45002539;150000;3;4;93;2017;0;1;1;1;1;1;1;1;0;632;5030;0.117671772;0.422544263;0.388088078;0.164367237;0.216428175;0.562765078
-1.032535481;-80.46345978;78000;3;3;98;2013;0;1;1;1;0;0;0;0;0;627;5280;0.590780981;0.64173271;0.238727583;0.43659049;0.232167958;0.085300069
-0.876144694;-80.54126855;235000;8;8;93;2010;0;1;1;1;0;0;0;0;0;331;770;0.424804133;0.542910322;0.253423412;0.193899487;0.103497472;0.110551178
-1.036700574;-80.46673635;93000;4;3;125;1995;0;1;1;1;0;0;0;0;0;626;6770;0.265780435;0.514999707;0.353965429;0.520284192;0.166638718;0.155482395
-1.052761374;-80.45844912;80000;3;3;240;2005;0;1;1;1;0;0;0;0;0;626;6770;0.28550571;0.495547869;0.353644567;0.096065989;0.310283631;0.134773838
-1.05342645;-80.45123934;85000;2;3;93;2022;0;1;1;1;0;0;1;1;0;627;5280;0.268786949;0.04533633;0.080116431;0.116318951;0.193374003;0.134942675
-1.03509959;-80.47551062;92000;3;3;93;2022;0;1;1;1;0;0;1;0;1;626;6770;0.705020773;1.023548549;0.112189059;0.708789915;0.240933206;0.134882184
-1.105054825;-80.42540454;170000;10;5;32250;2020;0;1;1;1;0;1;0;0;1;631;6910;0.424804133;0.542910322;4.1033762;1.060232162;2.224897839;2.771696187
-1.013984147;-80.36637833;750000;6;3;500;2000;0;1;0;0;0;1;1;0;0;329;10;0.424804133;0.542910322;3.099416793;2.827083258;0.291675505;2.147337173
-1.051624309;-80.45166849;265000;4;4;315;2022;0;1;0;0;0;0;0;0;0;627;5280;0.165598187;0.165651669;0.187619683;0.045328968;0.048772595;0.118318561
-1.02981351;-80.46746939;95000;3;4;108;1988;0;1;0;0;0;0;0;0;0;626;6770;0.402129176;0.430304399;0.15838131;0.259886777;0.165231961;0.216151078
-1.048813826;-80.45175432;125000;4;4;185;2017;0;1;0;0;0;0;0;0;0;627;5280;0.147125733;0.326868627;0.281784934;0.267166996;0.261314217;0.145957793
-1.059453482;-80.45490114;108000;6;6;323;2017;0;1;1;1;1;0;0;1;0;629;5795;0.147254949;0.629943216;0.22507816;0.28388844;0.051894946;0.429442449
-1.132092636;-80.4040046;170000;4;3;150;2017;0;1;1;1;0;0;0;0;0;633;5265;0.424804133;0.542910322;0.52987343;0.776484304;4.282282475;3.242103109
-1.055486037;-80.45832037;240000;7;5;125000;2017;0;1;1;1;0;0;1;1;0;626;6770;0.171250372;0.402127429;0.376056365;0.076115061;0.121997462;0.365814707
-1.058115207;-80.44861359;69000;2;3;120;2019;0;1;1;1;0;0;0;0;0;629;5795;0.849869126;0.511313298;0.403580039;0.247671726;0.346620071;0.286946326
-1.032064792;-80.34146411;320000;5;4;520;2017;0;1;1;1;0;0;0;0;0;329;10;0.424804133;0.542910322;0.625245957;0.408648267;0.683970353;0.742132262
-1.05205339;-80.46093821;350000;5;5;93;1997;0;1;1;1;0;0;1;0;0;626;6770;0.267594125;0.725961776;0.252219333;0.13314725;0.242105794;0.102324298
-0.861621805;-80.53186652;298000;2;3;240;2017;0;1;1;1;0;0;0;0;0;331;770;0.424804133;0.542910322;1.156843395;2.117185583;0.138453617;1.5013414
-1.049092729;-80.45817017;100000;3;3;189;2017;0;1;1;1;0;0;0;0;0;626;6770;0.603544435;0.429474177;0.173559477;0.039261459;0.164145982;0.138845998
-0.861450163;-80.53474185;120000;4;4;93;2015;0;1;1;1;0;0;0;0;1;331;770;0.424804133;0.542910322;1.125737139;1.977393872;0.365528879;1.344913931
-1.041326442;-80.47151155;72000;2;3;90;2023;0;1;1;1;0;0;0;0;1;626;6770;0.079306899;0.201815902;0.0922116;0.250098607;0.148414633;0.315696917
-1.050208341;-80.44844984;93000;3;3;93;2020;0;1;1;1;1;0;1;0;1;628;6585;0.424804133;0.542910322;0.52987343;0.585057014;0.110087329;0.025248331
-1.023562332;-80.47319573;100700;2;3;93;2017;0;1;1;1;0;0;1;0;0;626;6770;0.513138864;0.395194557;0.403332663;0.978443829;0.146382811;0.642298697
-1.063315032;-80.45762849;77000;2;2;93;2017;0;1;1;0;0;1;0;0;0;632;5030;0.120659523;0.423701087;0.244786938;0.3414319;0.743411389;0.218644384
-0.853651205;-80.53058983;75000;3;3;93;2022;0;1;1;1;1;0;1;0;0;331;770;0.424804133;0.542910322;0.427879529;2.95900896;0.268167312;2.327214753
-1.031441414;-80.46613105;125000;4;3;189;2017;0;1;1;1;0;1;0;0;1;626;6770;0.276311544;0.198722627;0.196914711;0.319545806;0.154869155;0.068219139
-1.050060809;-80.46210597;92562;4;3;145;2016;0;1;1;1;0;0;0;0;0;626;6770;0.461905296;0.837587535;0.070986858;0.032776226;0.064930089;0.194592291
-1.046641663;-80.45749958;180000;4;7;346;2017;0;1;1;1;0;0;0;1;0;626;6770;0.618983378;0.540728325;0.179207304;0.319659309;0.137963598;0.212409637
-0.85992684;-80.53175924;220000;2;2;155;2017;0;1;1;1;0;0;0;0;0;331;770;0.424804133;0.542910322;0.974442665;2.28322694;0.326542678;1.660388832
-0.861407252;-80.53403375;120000;4;4;200;2015;0;1;1;1;0;0;0;0;0;331;770;0.424804133;0.542910322;1.115581126;2.016409192;0.298944705;1.3864097
-0.861342886;-80.52927015;135000;2;2;180;2010;0;1;1;1;0;0;0;0;0;331;770;0.424804133;0.542910322;1.212194322;2.312370851;0.325666765;1.716655997
-0.862179641;-80.53439853;75000;3;3;200;2021;0;1;1;1;1;0;0;1;1;331;770;0.424804133;0.542910322;1.20337016;1.921482654;0.301593453;1.291729129
-1.054928324;-80.48438075;37000;2;3;75;2024;0;1;1;1;0;0;0;0;0;632;5030;0.475998144;0.135733301;1.817503223;0.656849366;0.036272624;0.364975756
-1.056344198;-80.45894264;55000;2;3;105;2019;0;1;1;1;0;0;0;0;0;626;6770;0.093990483;0.292317808;0.25943318;0.125443207;0.074882925;0.386935499
-1.047977117;-80.45656084;66999;2;3;80;2023;0;1;0;0;0;0;1;0;0;626;6770;0.640991698;0.359343868;0.245816008;0.213249843;0.057330083;0.081330402
-1.016676688;-80.46964316;65000;3;4;105;2017;0;1;0;0;0;0;0;0;1;626;6770;1.067574773;1.011635115;0.095317346;1.248344889;0.240912729;0.326211152
-1.055958026;-80.45220493;62000;3;3;105;2017;0;1;0;0;0;0;0;0;0;629;5795;0.567033712;0.760463048;0.072222959;0.082512157;0.127557318;0.298617285
-1.045107724;-80.47367063;160000;3;4;93;2010;0;1;1;1;0;0;1;0;1;626;6770;0.529437776;0.453435068;0.420420444;0.231132968;0.418554281;0.398075368
-1.057722883;-80.45722061;148014.6347;7;6;93;2006;1;1;1;1;1;1;1;1;0;626;6770;0.156109186;0.280143969;0.315167088;0.139761742;0.175522346;0.323169626
-1.062012677;-80.4685217;85000;5;3;105;2009;1;1;1;1;0;0;1;1;0;632;5030;0.218078038;0.312249073;0.11838833;0.247617905;0.190231724;0.222720947
-1.029574957;-80.47393978;112000;4;3;135;2023;1;1;1;1;0;0;0;0;0;626;6770;0.682276003;0.836251218;0.529193203;0.950422963;0.216296223;0.317414828
-1.061304695;-80.4690045;74000;3;3;120;2009;1;1;1;1;0;0;1;1;0;632;5030;0.19986414;0.294148034;0.174820142;0.236679135;0.191900004;0.205905053
-1.062048404;-80.47771383;89000;2;3;90;2024;0;0;1;0;0;0;0;0;0;632;5030;0.36042723;0.463191147;0.876410069;1.012621276;0.316183234;0.621807077
-1.01193786;-80.46807722;102000;3;4;120;2023;1;1;1;1;0;0;1;0;0;626;6770;1.284465278;1.512563162;0.493522954;1.438055111;0.16063222;0.20563905
-1.024423563;-80.47667782;84990;3;3;97;2023;1;0;1;1;1;0;1;0;0;626;6770;0.114384075;0.20956137;0.473155014;1.165706261;0.214183889;0.430440683
-1.006916406;-80.46555477;98000;4;3;115;2024;1;0;1;1;1;0;1;0;0;627;5280;0.958420925;1.118365606;0.305052748;2.424502359;1.048437985;0.494624659
-1.020979182;-80.46269984;63000;2;2;75;2023;1;0;1;1;0;0;0;0;0;627;5280;0.697180251;0.511884353;0.691232035;0.87195382;0.271104626;0.280820268
-1.049170575;-80.46623292;260000;4;5;93;2000;1;1;1;1;1;0;1;1;0;626;6770;0.500115122;0.850611703;0.431715362;0.222903992;0.12665197;0.051707992
-1.010059928;-80.46483354;88500;1;3;93;2023;1;1;1;1;1;0;1;1;0;627;5280;0.62362048;0.763646078;0.121973264;2.071445378;0.690548837;0.454012185
-1.021543243;-80.47999318;105000;2;3;93;2024;1;1;1;1;1;1;1;1;0;626;6770;0.241084802;0.393174642;0.075975724;0.760185888;0.219309135;0.158570934
-1.04941346;-80.46101002;50000;2;2;56;2021;1;1;1;1;1;0;1;0;0;626;6770;0.44003017;0.724906477;0.16072426;0.079937045;0.145745007;0.19594413
-1.055131973;-80.46189447;48000;1;2;93;2006;1;1;1;1;1;0;0;0;0;626;6770;0.182538514;0.426484728;0.426213885;0.101577882;0.128779596;0.20286723
-1.05749012;-80.46012556;39000;1;3;93;2017;1;1;1;1;0;0;0;0;0;626;6770;0.172395018;0.151666663;0.107462782;0.269824579;0.200544528;0.276122938
-1.047526938;-80.44939417;86000;2;3;93;2023;1;1;1;1;1;1;1;1;0;628;6585;0.424804133;0.542910322;0.52987343;0.585057014;0.203577775;0.071703902
-1.05749012;-80.4534037;76000;2;3;93;2015;1;1;1;1;1;1;1;0;0;629;5795;0.360021826;0.663951143;0.201796571;0.020758528;0.150467002;0.269332553
-1.057902796;-80.45947696;83000;5;5;93;2001;1;1;1;1;1;1;0;1;0;626;6770;0.151538358;0.113956181;0.080736136;0.197264366;0.195651566;0.213785581
-1.047526938;-80.44750733;350000;7;6;93;2008;1;1;1;1;1;1;1;1;0;628;6585;0.424804133;0.542910322;0.52987343;0.585057014;0.170928338;0.145422911
-1.023996758;-80.47913466;105000;2;3;93;2024;1;1;1;1;1;1;1;1;0;626;6770;0.18087189;0.324978364;0.329101486;1.043573175;0.320755585;0.170935671
-1.046165533;-80.45073109;250000;6;6;93;2020;1;1;1;1;1;0;1;1;0;627;5280;0.328932034;0.254548219;0.404446488;0.283757873;0.390014595;0.072044064
-1.022957686;-80.47938303;99000;2;3;93;2024;1;1;1;1;1;0;1;1;0;626;6770;0.271914334;0.312835424;0.211382941;0.925077172;0.256131262;0.097053604
-1.034616634;-80.46628125;230000;5;6;93;2012;1;1;1;1;1;1;1;1;0;626;6770;0.221351543;0.289787838;0.421891977;0.66981506;0.159412838;0.076665681
-1.034595179;-80.46733268;230000;4;5;93;2012;1;1;1;1;1;1;1;1;0;626;6770;0.183380479;0.370449319;0.384996714;0.63585852;0.08206276;0.143597066
-1.049350651;-80.45915393;74000;3;3;92;2021;1;1;1;1;1;0;1;0;0;626;6770;0.568961102;0.524557978;0.064487693;0.092965358;0.118194782;0.211918185
-1.050347139;-80.44835147;46500;2;3;72;2009;1;1;1;1;1;0;1;0;0;628;6585;0.424804133;0.542910322;0.52987343;0.585057014;0.126492912;0.006349138
-1.034692631;-80.46887698;83000;2;2;98;2024;0;1;1;1;0;1;0;0;0;626;6770;0.073254639;0.521250812;0.40629033;0.54358318;0.163445831;0.243344028
-1.044158385;-80.46760626;250000;4;4;93;2022;1;1;1;1;0;1;1;0;1;626;6770;0.475678458;0.344839382;0.17715934;0.137469546;0.238191066;0.194814711
-1.058109022;-80.45167052;220000;5;5;93;2019;1;0;1;1;0;1;1;0;1;629;5795;0.515277208;0.514880101;0.178558573;0.154094629;0.054162708;0.066191467
-1.055870304;-80.47113062;63000;5;5;93;2001;1;1;1;1;1;0;0;1;0;632;5030;0.058657553;0.430305922;0.664526111;0.275883391;0.195663802;0.104626909
-1.051345406;-80.45823454;260000;4;4;93;2000;1;1;1;1;1;0;1;1;0;626;6770;0.418164988;0.415366999;0.235576281;0.06299882;0.202084813;0.037834655
-1.129136315;-80.40467477;195000;5;5;93;2003;1;1;1;1;1;0;1;1;0;633;5265;0.424804133;0.542910322;0.52987343;1.096166446;3.945222808;2.90828528
-1.050015254;-80.45675396;45000;1;3;93;2009;1;1;1;1;0;0;1;0;0;626;6770;0.435055529;0.247769692;0.317852143;0.11613983;0.024251217;0.16602791
-1.060719404;-80.46669735;92000;3;4;93;2004;1;1;1;1;1;1;1;1;0;632;5030;0.402918839;0.110441841;0.143695423;0.072019604;0.074982403;0.424740602
-1.05464933;-80.46141028;48000;1;2;93;2006;1;1;1;1;1;0;1;0;0;626;6770;0.113119962;0.464590061;0.451470948;0.142094229;0.052857676;0.263649802
-1.047725009;-80.45161514;260000;3;4;120;2016;1;1;1;1;0;0;0;0;0;627;5280;0.152047061;0.233810224;0.32384936;0.293921079;0.253815469;0.110516247
-1.057360503;-80.48220924;48500;1;3;93;2023;1;1;1;1;1;0;1;1;0;632;5030;0.366953539;0.422699523;1.498390806;0.817560868;0.327244976;0.136631765
-1.021558668;-80.47331976;450000;5;4;5410;1994;0;1;1;1;0;0;0;0;0;626;6770;0.596548433;0.380710643;0.231525689;1.108130165;0.288228475;0.786395574
-1.022934707;-80.47661577;150000;4;4;200;2019;0;1;1;1;0;0;0;0;0;626;6770;0.228673486;0.043864569;0.321642605;1.01789853;0.26033209;0.404701019
-1.053042918;-80.44685552;35000;1;2;80;2022;0;1;1;1;0;0;0;0;0;630;6775;0.761945349;2.199985351;0.233582822;0.319186908;0.309449723;0.126609272
-1.031135595;-80.46787872;105000;2;3;112;2024;0;1;1;1;0;0;0;0;0;626;6770;0.248521246;0.384449576;0.004589846;0.38695159;0.044145099;0.261802052
-1.028488524;-80.47922395;100000;4;3;138;2024;1;1;0;0;0;0;1;0;0;626;6770;0.4552276;0.508927558;0.465537383;1.528158333;0.611590627;0.24095898
-1.056262383;-80.46088163;148014.6347;6;5;300;2002;0;1;0;0;0;0;0;0;0;626;6770;0.212835027;0.27852211;0.263095319;0.26706138;0.086450781;0.336952097
-1.026523017;-80.4661147;93000;4;3;126;2023;1;1;0;0;1;1;0;0;1;626;6770;0.78687246;0.120083518;0.268673764;0.141345352;0.155823191;0.131806365
-1.034074896;-80.47486943;88000;4;3;103;2023;1;1;0;0;1;0;1;0;1;626;6770;0.647504198;1.085060136;0.024348394;0.740691756;0.227595321;0.136924788
-1.037663125;-80.46267636;220000;3;2;4000;2020;1;1;1;1;0;0;0;0;0;626;6770;0.474531554;0.613857281;0.726813446;0.214584697;0.333570049;0.248916434
-1.051163094;-80.46287482;114000;4;5;93;1982;1;1;1;1;0;1;0;0;0;626;6770;0.451874242;0.880128644;0.08187531;0.124873071;0.067275765;0.237362554
-1.05252538;-80.45780539;92562;3;3;145;2016;1;1;1;1;0;0;0;0;0;626;6770;0.325191547;0.420637993;0.289990037;0.078545584;0.312124752;0.058557057
-1.058298641;-80.4517527;115000;3;3;93;2022;1;1;1;1;0;0;1;0;1;629;5795;0.502010554;0.498382819;0.198674037;0.168515369;0.056906816;0.066141968
-1.056129658;-80.45851349;85000;3;3;93;2023;1;1;1;0;0;0;1;0;1;626;6770;0.099553457;0.327430168;0.303485974;0.080748193;0.055137536;0.417297739
-1.051388315;-80.46248316;100000;4;3;120;2010;1;1;1;0;0;0;0;0;0;626;6770;0.406106785;0.84450484;0.100663339;0.122719466;0.099213804;0.195549096
-1.051163114;-80.48861855;85000;6;7;93;2003;1;1;1;1;0;0;1;0;1;632;5030;1.030674917;0.620291776;1.9261857;0.743891228;0.258886489;0.181621943
-1.050788551;-80.48991499;130000;3;3;93;2022;1;1;1;1;0;0;0;0;1;632;5030;1.179691992;0.767181454;1.915882269;0.779342766;0.331113739;0.190094986
-1.04824805;-80.46695175;1190000;8;8;93;2012;1;1;1;1;0;1;0;0;1;626;6770;0.501837116;0.721229285;0.449528952;0.264982293;0.144890837;0.094364804
-1.055161276;-80.44996924;250000;6;3;570;2018;1;1;1;1;0;0;1;1;1;630;6775;1.090991949;2.320882741;0.131854679;0.078001675;0.333640179;0.094074213
-1.048611145;-80.44862045;65000;2;3;140;2009;1;1;1;1;0;0;0;0;1;628;6585;0.424804133;0.542910322;0.52987343;0.585057014;0.058073867;0.153146928
-1.048466657;-80.45165522;180000;4;4;609;2000;1;1;1;1;0;0;0;0;0;627;5280;0.143314764;0.297962118;0.28476914;0.276136542;0.258478009;0.152616585
-1.056798806;-80.46056682;120000;4;4;139;2016;1;1;1;1;0;0;0;0;0;626;6770;0.207092005;0.217665292;0.194749076;0.310467314;0.124656623;0.365882556
-1.058051035;-80.45863999;120000;4;3;340;2019;1;1;1;1;0;0;0;0;0;626;6770;0.11665831;0.131441932;0.153347612;0.171522805;0.167221549;0.206848872
-1.059736727;-80.45430461;220000;5;4;700;1995;1;1;1;1;0;0;0;0;0;629;5795;0.219632625;0.557095473;0.20323356;0.283011644;0.124819706;0.37678504
-1.055257601;-80.44818692;73500;3;3;120;2020;1;1;1;1;0;0;0;0;0;630;6775;0.894137477;2.152962424;0.125801713;0.140332802;0.17571007;0.138985238
-1.057617571;-80.45454547;75000;3;3;90;2020;1;1;1;1;0;0;0;0;0;629;5795;0.249236887;0.731190974;0.321450087;0.12166697;0.21067506;0.385733112
-1.058002872;-80.45425644;62000;3;3;105;2019;1;1;1;1;0;0;0;0;0;629;5795;0.249396417;0.677914624;0.312402077;0.113681378;0.191513952;0.346055889
-1.064081085;-80.44502738;93000;3;3;93;2023;0;1;1;1;0;0;1;1;1;632;5030;0.512479344;0.518953055;0.325744391;0.516767298;0.068966564;0.168942758
-1.02633537;-80.46346363;78000;3;3;93;2017;1;0;1;1;0;0;1;0;1;627;5280;0.103261506;0.051122962;0.090684859;0.272732935;0.062134242;0.636520818
-1.054713692;-80.46259045;75000;3;3;100;2021;1;0;1;1;0;0;0;0;0;626;6770;0.243437216;0.499170218;0.469849537;0.011505636;0.172285198;0.136308996
-0.875042101;-80.54076923;68000;2;4;93;2023;1;1;1;0;0;0;1;1;1;331;770;0.424804133;0.542910322;0.138915495;0.32663221;0.204777607;0.040387303
-1.03454693;-80.4808671;74000;2;3;120;2022;1;1;1;1;0;0;0;0;1;626;6770;0.81939592;0.808806688;0.237442769;1.248598605;0.212275188;0.389895738
-1.054415997;-80.4747998;75000;3;3;97;2013;1;1;1;0;0;0;0;0;0;632;5030;0.355486808;0.190203904;1.064675303;0.436062834;0.079318847;0.212063394
-1.050446891;-80.46209227;68000;2;3;126;2022;1;1;1;1;1;0;0;1;1;626;6770;0.477564966;0.834453239;0.054444738;0.010181975;0.106448511;0.169718051
-1.049149908;-80.46262295;120000;3;3;110;2015;1;1;1;1;0;0;0;0;0;626;6770;0.351955938;0.906595969;0.148892138;0.00747124;0.053079473;0.103329253
-1.057108662;-80.46527631;90000;4;3;130;2021;1;1;1;1;0;0;0;0;0;632;5030;0.442995931;0.342193874;0.247118477;0.158400077;0.130448981;0.327896465
-1.049704237;-80.48917645;43000;2;2;48;2008;1;1;1;1;0;0;1;1;1;632;5030;1.158410102;0.761752322;2.056209239;0.899820888;0.194383025;0.310997251
-1.046420877;-80.44964665;77000;3;3;120;1997;1;1;1;1;0;1;1;0;1;628;6585;0.424804133;0.542910322;0.52987343;0.585057014;0.320271212;0.130524611
-1.048973505;-80.45875094;56000;3;3;105;2017;1;1;1;1;0;0;0;0;0;626;6770;0.578761026;0.494459268;0.125810165;0.08585211;0.177945795;0.194131791
-1.048154737;-80.46467595;185000;4;4;93;2022;1;1;1;1;0;0;1;1;1;626;6770;0.300409273;0.873622787;0.348730573;0.072090318;0.126782811;0.152006254
-0.875619343;-80.54009774;449000;9;9;93;2020;1;1;0;1;0;0;0;0;1;331;770;0.424804133;0.542910322;0.229787229;0.32604757;0.242363339;0.05964578
-1.047869871;-80.47025887;185000;6;8;93;2020;1;1;1;1;0;0;0;0;1;626;6770;0.731897605;0.571832621;0.556938451;0.087195245;0.239890371;0.265006865
-0.994782795;-80.41720896;140000;3;3;93;2020;1;0;1;0;0;0;0;0;1;333;3185;0.424804133;0.542910322;0.52987343;2.577227858;4.062806964;0.770604651
-1.052490615;-80.46229075;95000;3;3;120;2012;1;0;1;0;0;0;0;0;0;626;6770;0.297318738;0.720469281;0.224967305;0.238431125;0.161389392;0.227582373
-1.068583806;-80.47534707;70000;2;3;147;2007;1;1;1;1;0;0;1;0;1;632;5030;0.734000171;0.330451661;0.265615749;1.010240848;0.244208507;0.791640697
-1.109822559;-80.41322318;55000;1;5;93;2022;1;1;1;1;0;0;0;1;1;633;5265;0.424804133;0.542910322;0.52987343;3.442490506;1.708254283;0.573129863
-0.875586859;-80.54082867;135000;3;2;93;2020;1;1;1;1;0;0;0;0;1;331;770;0.424804133;0.542910322;0.195498271;0.272869805;0.166984439;0.059124305
-1.044075583;-80.46813906;135000;4;3;93;2014;1;1;1;1;0;0;0;0;1;626;6770;0.42659959;0.2886691;0.237034365;0.173580695;0.202543021;0.138962149
-1.050679072;-80.48965136;99900;6;5;170;2007;1;1;1;1;0;0;0;0;0;632;5030;1.157427623;0.74683722;1.936592032;0.790541847;0.31103578;0.199096893
-1.109150304;-80.41471577;280000;24;22;650;1980;1;1;1;1;1;1;1;1;0;633;5265;0.424804133;0.542910322;0.52987343;3.582840007;1.652275407;0.493924618
-1.046416424;-80.47712531;160000;3;4;93;2010;1;1;1;1;0;0;1;0;1;626;6770;0.903988712;0.856833953;0.759302707;0.61149303;0.534739017;0.234995716
-1.05588719;-80.46183315;145000;3;4;93;2010;1;1;1;1;0;0;1;0;1;626;6770;0.227555156;0.345566304;0.352134439;0.164543958;0.166777393;0.223257424
-1.051914006;-80.48909062;105000;2;3;93;2023;1;1;1;1;0;0;1;0;1;632;5030;1.050468805;0.63308427;1.829102474;0.65514261;0.209650968;0.083746775
-1.051184568;-80.48842543;88000;3;3;90;2000;1;1;1;1;0;0;1;0;1;632;5030;1.010025729;0.600444206;1.932231818;0.744832601;0.250796146;0.193509394
-1.051185891;-80.48586448;155000;4;4;93;2018;1;1;1;1;0;0;1;0;1;632;5030;0.757676265;0.3813088;2.059665168;0.840744947;0.231237229;0.439120062
-0.87318388;-80.53874727;280000;4;7;93;2012;1;0;1;1;0;0;0;0;1;331;770;0.424804133;0.542910322;0.28232698;0.626025963;0.509895586;0.193195664
-1.111316646;-80.41368451;85000;3;3;93;2022;1;0;1;1;0;0;0;0;1;633;5265;0.424804133;0.542910322;0.52987343;3.316187333;1.877598569;0.732066171
-1.059046505;-80.45430547;90000;3;3;110;2022;1;0;1;1;0;0;0;0;1;629;5795;0.209630098;0.602426916;0.277291866;0.211755671;0.120590329;0.354622443
-1.119905717;-80.40920748;91000;1;4;93;2017;1;0;1;1;0;0;0;0;1;633;5265;0.424804133;0.542910322;0.52987343;2.2392269;2.84739763;1.771935857
-1.034708375;-80.48113046;95000;4;4;232;2016;1;1;1;1;0;0;1;0;1;626;6770;0.785141091;0.814345359;0.266686005;1.268009962;0.18105186;0.38749584
-1.047912755;-80.44988751;65000;2;3;180;2023;1;1;0;1;0;0;0;0;1;627;5280;0.337125531;0.399103234;0.189318042;0.221950747;0.445611326;0.054285537
-1.041627771;-80.47124091;160000;3;3;93;2010;0;1;1;1;1;1;1;0;1;626;6770;0.0605775;0.156837172;0.117845294;0.241238781;0.103707683;0.30086852
-1.048008244;-80.45974205;270000;4;4;93;2010;1;1;0;1;0;0;0;0;1;626;6770;0.427835755;0.638334111;0.191421795;0.193043791;0.078488181;0.302180202
-1.068092052;-80.44925078;75000;2;3;93;2017;1;1;1;1;1;0;1;1;1;632;5030;0.134010473;0.326913122;0.333945366;0.114473184;0.127674548;0.529640606
-1.028325172;-80.46607178;164500;3;3;230;2012;1;1;1;1;0;0;1;1;0;626;6770;0.590853486;0.224191664;0.117274527;0.076713181;0.022801473;0.098891045
-1.008554681;-80.46329653;100000;2;2;200;2021;1;0;1;0;0;0;1;0;0;627;5280;0.687887174;0.879021586;0.308520268;2.239798192;0.826974379;0.593211645
-1.051125565;-80.45777853;116500;3;4;93;2017;1;1;1;1;1;0;1;1;0;626;6770;0.404255051;0.360808299;0.255378623;0.104764262;0.170162629;0.04971655
-1.051431315;-80.48290017;39850;2;4;110;2017;0;1;1;1;0;0;1;0;1;632;5030;0.488870128;0.2885936;2.001186663;1.022863549;0.121790384;0.575462726
-1.034852629;-80.46651729;93000;3;3;93;2017;1;1;1;1;1;0;1;1;1;626;6770;0.258060475;0.326572048;0.436007439;0.668896719;0.124246929;0.05825022
-1.109935645;-80.41231515;85000;2;3;93;2017;1;1;1;1;1;0;1;0;0;633;5265;0.424804133;0.542910322;0.52987343;3.38914031;1.717809081;0.610951825
-1.011471199;-80.46750451;91900;2;3;105;2024;1;1;0;0;0;0;0;0;1;626;6770;1.360744626;1.574999606;0.554606054;1.511918101;0.140655657;0.226754384
-1.034919505;-80.48765507;68000;2;3;140;2010;1;1;1;1;0;0;1;1;1;626;6770;0.337478262;0.779309174;0.891911166;1.757634786;0.250737573;0.229600449
-1.050331765;-80.45541819;290000;10;10;93;2003;1;1;1;1;0;1;1;0;0;626;6770;0.359343293;0.095152588;0.329785221;0.22129335;0.084430621;0.094181503
-1.054404099;-80.4601224;350000;20;22;93;1988;0;1;1;1;1;1;1;1;0;626;6770;0.0333973;0.48716451;0.449424498;0.2681892;0.109450217;0.363049223
-1.025479006;-80.47378053;109000;4;4;93;2017;1;1;1;1;1;0;1;0;0;626;6770;0.440803545;0.452812726;0.575562269;0.965607927;0.128729564;0.43563039
-1.016267979;-80.46948903;160000;6;5;246;2013;1;1;1;1;0;0;0;0;0;626;6770;1.078883341;1.054294822;0.107775182;1.258305303;0.273252961;0.286592356
-1.053475196;-80.46055392;134000;3;5;93;2017;1;1;1;1;0;1;1;0;0;626;6770;0.104313008;0.587169332;0.401326539;0.185092265;0.108981871;0.258843075
-1.049127667;-80.46601834;320000;5;4;562;2013;0;1;1;1;0;0;0;0;1;626;6770;0.479970688;0.859756045;0.411087028;0.198612327;0.117516619;0.07434915
-1.048150748;-80.44916854;390000;3;3;800;1985;1;1;1;1;0;0;0;0;0;628;6585;0.424804133;0.542910322;0.52987343;0.585057014;0.137487341;0.107948478
-1.063618019;-80.45775553;150000;3;4;93;2017;1;1;1;1;1;1;1;1;0;632;5030;0.133966807;0.45046253;0.273298429;0.377959595;0.729279642;0.254828102
-1.03316697;-80.45694328;78000;3;3;98;2013;1;1;1;1;0;0;0;0;0;627;5280;0.756011035;1.012333455;0.877046415;0.947872132;0.331711286;0.231493047
-1.020002574;-80.47352799;90000;3;4;193;2017;1;0;1;1;0;0;0;0;0;626;6770;0.696345237;0.443070008;0.182079818;0.989149616;0.193334317;0.726019008
-1.035624832;-80.46683687;93000;4;3;125;1995;1;0;1;1;0;0;0;0;0;626;6770;0.262377351;0.416908847;0.436180586;0.585647539;0.085930681;0.073883592
-0.855732367;-80.53063274;240000;7;5;93;2017;1;1;1;1;1;0;1;0;1;331;770;0.424804133;0.542910322;0.591805068;2.750881669;0.06289756;2.121934973
-1.018386462;-80.46839207;88000;3;3;93;2022;1;1;1;1;0;0;0;0;0;626;6770;1.244458895;0.859524508;0.158719757;1.072004561;0.388591939;0.403562952
-1.051993025;-80.44526642;92562;4;3;145;2016;1;1;1;1;0;0;0;0;0;630;6775;0.634455854;2.164410529;0.343480395;0.263775402;0.316109542;0.138975454
-1.051415073;-80.44806033;450000;12;9;654;1980;1;1;1;1;0;0;0;0;0;627;5280;0.22548855;0.424756214;0.25318632;0.240406247;0.027576473;0.303885304
-0.86123561;-80.53257463;150000;4;4;200;2017;1;1;1;1;0;0;0;0;0;331;770;0.424804133;0.542910322;1.10294271;2.111798848;0.20173568;1.489118359
-1.050058163;-80.4565823;165000;2;3;93;2018;0;1;1;1;1;0;0;1;1;626;6770;0.422779702;0.228098651;0.337335386;0.135352504;0.042471263;0.150285004
-1.050397293;-80.45513196;250000;3;3;93;2017;1;1;1;1;1;1;1;1;0;626;6770;0.349969508;0.062513634;0.322923663;0.229203319;0.104310681;0.104274266
-1.029012962;-80.46574267;95000;3;4;108;1988;1;1;1;1;0;0;0;0;0;626;6770;0.507650238;0.280112475;0.079914858;0.052326161;0.107409025;0.17255258
-1.048142243;-80.48866176;175000;4;4;193;2021;1;1;0;0;1;1;0;1;0;632;5030;1.207288686;0.84029842;2.239064329;1.077087149;0.037567346;0.492275707
-1.05741355;-80.45484584;125000;4;4;185;2017;1;1;0;0;0;0;0;0;0;629;5795;0.243395299;0.770533147;0.345327385;0.150953784;0.220627051;0.423781179
-1.047684682;-80.44887266;80000;3;3;240;2005;1;1;0;0;0;0;0;0;0;628;6585;0.424804133;0.542910322;0.52987343;0.585057014;0.155549665;0.049076525
-1.048118147;-80.45301535;120000;3;3;120;2013;1;1;0;0;0;0;0;0;0;627;5280;0.013029129;0.217639178;0.198713376;0.132381413;0.102459973;0.041851286
-1.055727858;-80.46279403;85000;2;3;93;2022;1;1;0;0;0;0;1;1;0;626;6770;0.301933859;0.413379918;0.436150075;0.117196405;0.247105977;0.118607397
-1.056381866;-80.45356351;92000;3;3;93;2022;1;1;1;1;0;0;1;0;1;629;5795;0.423553387;0.778293198;0.188614187;0.06432558;0.236506658;0.350466031
-1.01874983;-80.46174277;750000;6;3;500;2000;1;1;0;0;0;1;1;0;0;627;5280;0.485637346;0.267732358;0.782315388;1.137001822;0.288242041;0.423519367
-1.050418656;-80.45770487;265000;4;4;315;2022;1;1;0;0;0;0;0;0;0;626;6770;0.454971185;0.346866111;0.22421305;0.058886917;0.107595902;0.086101103
-1.05802679;-80.45463292;108000;6;6;323;2017;0;1;1;1;1;0;0;1;0;629;5795;0.212841726;0.705228583;0.349888629;0.149022128;0.165697495;0.387221417
-1.052293453;-80.44635556;100000;3;3;189;2017;1;1;1;1;0;0;0;0;0;630;6775;0.732316642;2.220322519;0.304344237;0.322826206;0.373917992;0.11903643
-1.0557955;-80.46436529;170000;4;3;150;2017;0;1;1;1;0;0;0;0;0;632;5030;0.525948628;0.519673903;0.139856441;0.066977362;0.261299667;0.372433548
-0.876058873;-80.54138657;240000;7;5;125000;2017;1;1;1;1;0;0;1;1;0;331;770;0.424804133;0.542910322;0.244689597;0.194374681;0.091609471;0.109318228
-1.056210935;-80.45145821;80000;3;3;93;2021;0;0;1;1;0;0;1;0;1;629;5795;0.618732099;0.711670922;0.057178009;0.096353663;0.041227648;0.249641869
-1.057272101;-80.45835696;93000;3;3;93;2020;1;1;1;1;1;0;1;0;1;626;6770;0.029234095;0.21952924;0.220918604;0.121192028;0.076762932;0.298989824
-1.057621765;-80.44796986;69000;2;3;120;2019;0;1;1;1;0;0;0;0;0;630;6775;0.930845718;1.986333825;0.224315379;0.126409902;0.135837894;0.319102586
-1.032021884;-80.33764464;320000;5;4;520;2017;1;1;1;1;0;0;0;0;0;329;10;0.424804133;0.542910322;0.750319423;0.694347904;0.345375571;1.078321635
-1.048254277;-80.45229102;350000;5;5;93;1997;0;1;1;1;0;0;1;0;0;627;5280;0.069390595;0.246505289;0.279430698;0.207412598;0.184087877;0.086139496
-1.039653019;-80.47404356;72000;2;3;90;2023;1;1;1;1;0;0;0;0;1;626;6770;0.40510443;0.533645848;0.289263286;0.378338613;0.12636482;0.091317698
-1.033307929;-80.46610959;125000;4;3;189;2017;0;1;1;1;0;1;0;0;1;626;6770;0.161056982;0.177315139;0.308226355;0.523056098;0.135599306;0.222707259
-1.02918334;-80.47474068;93000;3;3;93;2023;1;1;1;1;1;1;1;0;1;626;6770;0.595237575;0.767035465;0.541592668;1.03559252;0.243843761;0.218298778
-1.02918334;-80.47705811;100700;2;3;93;2017;1;1;1;1;0;0;1;0;0;626;6770;0.502955488;0.740398699;0.50000774;1.292900971;0.475460483;0.116099306
-1.062188698;-80.45711351;77000;2;2;93;2017;0;1;1;0;0;1;0;0;0;632;5030;0.098321128;0.335811666;0.163839049;0.203974411;0.756656512;0.08679618
-1.038593614;-80.46854844;85000;2;3;84;2024;1;1;1;0;0;0;0;0;0;626;6770;0.212929989;0.501858996;0.067421114;0.246164486;0.063317208;0.179024334
-0.853822847;-80.53071857;75000;3;3;93;2022;1;1;1;1;1;0;1;0;0;331;770;0.424804133;0.542910322;0.428252905;2.935573185;0.258462472;2.303689776
-1.043573726;-80.46076115;180000;4;7;346;2017;0;1;1;1;0;0;0;1;0;626;6770;0.370347224;1.034669519;0.57302358;0.420822806;0.030598447;0.091286341
-1.086977444;-80.431817;150000;4;6;93;1993;1;1;1;1;1;0;1;0;0;631;6910;0.424804133;0.542910322;2.035782586;1.294801872;0.169891002;0.640023858
-1.051532153;-80.48244749;37000;2;3;75;2024;0;1;1;1;0;0;0;0;0;632;5030;0.449299703;0.298858163;1.949643394;1.052367823;0.097221706;0.552404797
-1.04838544;-80.44721274;55000;2;3;105;2019;1;1;1;1;0;0;0;0;0;628;6585;0.424804133;0.542910322;0.52987343;0.585057014;0.122914844;0.167624889
-1.056294168;-80.46145872;66999;2;3;80;2023;1;1;0;0;0;0;1;0;0;626;6770;0.239653399;0.288533062;0.291111859;0.225666137;0.140368873;0.279355979
-1.060830844;-80.47130239;45000;2;2;56;2020;1;1;1;1;0;0;1;0;1;632;5030;0.105607329;0.507427332;0.435366734;0.465895318;0.345243766;0.173380781
-1.016107725;-80.47209576;65000;3;4;105;2017;0;1;1;1;0;0;0;0;1;626;6770;0.788880462;0.873183303;0.373668405;0.968972354;0.139858444;0.550551586
-1.080221322;-80.49920889;300000;3;3;93;2017;1;1;1;1;0;0;1;0;1;632;5030;3.433947738;1.15460389;1.516183573;2.118157955;0.827783501;1.436858939
-1.036828741;-80.46581243;100000;2;3;93;2023;1;0;0;1;1;0;1;0;0;626;6770;0.27011323;0.492987797;0.4284192;0.453629867;0.191822272;0.176341986
-1.054362523;-80.44851873;62000;3;3;105;2017;1;0;0;1;0;0;0;0;0;630;6775;0.928017884;2.242738579;0.055232846;0.143016526;0.280245447;0.091581009
-1.059886112;-80.44574305;78000;6;3;93;2017;1;1;1;1;0;0;0;0;0;629;5795;1.164234332;0.563191416;0.777671573;0.617758488;0.720690442;0.410204332
-1.057323096;-80.4732281;329000;6;3;93;2017;1;0;1;0;0;0;0;0;1;632;5030;0.20623415;0.237788641;0.804698187;0.501684439;0.141644262;0.180897563
-1.033394952;-80.33588511;110000;3;5;150;2022;1;0;1;0;0;0;0;0;0;329;10;0.424804133;0.542910322;0.989486401;0.941568553;0.437849925;1.324243376
-1.11742041;-80.41020419;700000;2;4;200;2015;1;0;1;0;0;0;0;0;0;633;5265;0.424804133;0.542910322;0.52987343;2.535838896;2.560800014;1.475014037
-0.999283176;-80.46496012;52000;1;3;100;2017;1;1;0;0;0;0;0;0;0;627;5280;1.730431215;1.31636931;1.156301645;3.26965175;1.870237136;0.193662867
-0.91319049;-80.50166254;90000;3;3;130;2011;1;0;1;1;0;0;1;0;0;614;5885;0.940139849;2.245004348;0.52987343;0.585057014;0.377608629;5.942176007
-0.873547278;-80.53939009;160000;10;9;93;2013;1;1;1;1;1;1;0;1;0;331;770;0.424804133;0.542910322;0.203576592;0.550305159;0.42983067;0.171316824
-1.054851718;-80.45366661;43000;2;3;100;2016;1;1;1;1;1;0;1;0;0;626;6770;0.025277259;0.196965248;0.251901612;0.144508997;0.212373552;0.490677294
-0.896631292;-80.50071319;140000;4;5;93;2007;1;0;1;1;0;1;1;1;0;614;5885;1.072803901;0.43397709;0.52987343;0.585057014;0.377608629;7.374329001
-1.045710559;-80.65901275;82000;1;4;93;2016;1;0;1;1;0;0;1;0;0;611;5665;0.424804133;0.542910322;7.400027369;0.585057014;8.04140033;0.389525669
-0.964419148;-80.70885353;150000;3;3;420;2015;1;0;1;1;0;0;0;0;0;647;6155;0.424804133;0.542910322;0.52987343;0.585057014;0.377608629;0.389525669
-0.873864431;-80.54049915;150000;5;5;316;2000;1;1;1;1;0;0;1;0;1;331;770;0.424804133;0.542910322;0.077144127;0.455896679;0.321532946;0.150190303
-0.872121351;-80.53937011;58000;2;2;93;2017;1;0;1;0;0;1;1;0;0;331;770;0.424804133;0.542910322;0.280619975;0.685772008;0.552265214;0.093942001
-0.970897098;-80.70624231;85000;4;4;105;2017;1;0;1;0;0;0;0;0;0;648;6745;0.424804133;0.542910322;0.52987343;0.585057014;0.377608629;0.389525669
-0.859905384;-80.53150174;89000;8;9;367;2017;1;0;1;0;0;0;0;0;0;331;770;0.424804133;0.542910322;0.978857984;2.300103586;0.330310037;1.678698011
-0.868636529;-80.53802825;235000;8;8;93;2010;0;0;1;0;0;0;0;0;0;331;770;0.424804133;0.542910322;0.679742472;1.09882211;0.946401481;0.4682595
-1.099997245;-80.4103477;170000;10;5;32250;2020;0;0;1;0;0;1;0;0;1;633;5265;0.424804133;0.542910322;0.52987343;4.360126258;0.650386115;0.674823765
-0.858768256;-80.53482768;298000;2;3;240;2017;1;0;1;0;0;0;0;0;0;331;770;0.424804133;0.542910322;0.831077623;2.247277498;0.535415301;1.613023772
-0.861128334;-80.53384063;120000;4;4;93;2015;1;1;1;1;0;0;0;0;1;331;770;0.424804133;0.542910322;1.084055221;2.053810714;0.300072457;1.423990117
-1.045526573;-80.65986156;32000;1;2;56;2018;1;1;0;0;0;0;1;0;0;611;5665;0.424804133;0.542910322;7.496579799;0.585057014;8.137681894;0.389525669
-1.175226044;-80.7727046;180000;2;2;40000;2024;0;1;0;0;0;0;0;0;0;611;5665;0.424804133;0.542910322;23.72026156;0.585057014;24.52624777;0.389525669
-0.857631297;-80.53373702;135000;2;2;180;2010;1;1;0;0;0;0;0;0;0;331;770;0.424804133;0.542910322;0.695098709;2.410514969;0.369325234;1.776613272
-0.858450109;-80.53176202;220000;2;2;155;2017;1;1;0;0;0;0;0;0;0;331;770;0.424804133;0.542910322;0.815026749;2.425412648;0.26739171;1.798039158
-0.862736831;-80.53489312;120000;4;4;200;2015;1;1;0;0;0;0;0;0;0;331;770;0.424804133;0.542910322;1.269781433;1.841337782;0.347125904;1.210694437
-0.871540636;-80.53947765;65000;2;3;77;2017;1;0;1;0;1;0;1;0;1;331;770;0.424804133;0.542910322;0.321371375;0.73798162;0.600360859;0.112370881
-0.199834877;-78.50787113;480000;2;2;93;2001;1;1;1;1;1;1;1;1;1;982;7130;0.424804133;0.542910322;0.52987343;0.585057014;0.377608629;0.389525669
